_id|isPb|wpm|acc|rawWpm|consistency|charStats|mode|mode2|quoteLength|restartCount|testDuration|afkDuration|incompleteTestSeconds|punctuation|numbers|language|funbox|difficulty|lazyMode|blindMode|bailedOut|tags|timestamp
65a0eb34908c90eb44ecd747||42.69|89.09|48.39|69.34|45,1,0,0|words|10|-1|0|12.65|0|0|false|false|english|none|normal|false|false|false||1705044788000
65a0ea43908c90eb44ecd037||35.55|80.33|49.23|52.87|39,3,0,1|words|10|-1|0|13.16|0|0|false|false|english|none|normal|false|false|false||1705044547000
65a0ea34908c90eb44eccfbc||40.16|77.05|51.63|69.26|42,5,0,1|words|10|-1|0|12.55|0|0|false|false|english|none|normal|false|false|false||1705044532000
65a0ea25908c90eb44eccf47||65.05|98.15|65.05|67.75|52,0,0,0|words|10|-1|0|9.59|0|0|false|false|english|none|normal|false|false|false||1705044517000
65a0ea17908c90eb44eccee8||47.81|84.31|62.42|58.48|36,2,0,0|words|10|-1|0|9.04|0|0|false|false|english|none|normal|false|false|false||1705044503000
65a0e9eb908c90eb44eccd82||51.7|86.27|64.96|61.35|39,3,0,0|words|10|-1|0|9.05|0|0|false|false|english|none|normal|false|false|false||1705044459000
65a0e9df908c90eb44eccd22||43.84|83.61|50.37|54.23|47,2,1,0|words|10|-1|0|12.87|0|0|false|false|english|none|normal|false|false|false||1705044447000
65a0e9bf908c90eb44eccc28||59.48|91.67|59.48|58.46|54,0,0,0|words|10|-1|0|10.9|0|0|false|false|english|none|normal|false|false|false||1705044415000
65a03363f8d3bd59510e84e6||42.33|80|57.27|65.51|34,4,0,0|words|10|-1|0|9.64|0|0|false|false|english|none|normal|false|false|false||1704997731000
65a03349f8d3bd59510e836d||48.81|90.38|57.15|58.6|41,0,0,1|words|10|-1|0|10.08|0|0|false|false|english|none|normal|false|false|false||1704997705000
65a0333df8d3bd59510e82b6||48.38|89.09|57.18|65.46|44,2,0,0|words|10|-1|0|10.91|0|0|false|false|english|none|normal|false|false|false||1704997693000
65a03330f8d3bd59510e8218||51.1|92.31|55.92|60.8|53,0,0,1|words|10|-1|1|12.45|0|11.5|false|false|english|none|normal|false|false|false||1704997680000
65a03315f8d3bd59510e80a1||47.13|80.77|60.77|61.87|38,5,0,0|words|10|-1|0|9.68|0|0|false|false|english|none|normal|false|false|false||1704997653000
65a0330af8d3bd59510e800f||51.8|89.36|58.27|66.98|40,2,0,0|words|10|-1|0|9.27|0|0|false|false|english|none|normal|false|false|false||1704997642000
65a032fff8d3bd59510e7f66||47.19|84|58.99|63.13|36,1,0,2|words|10|-1|0|9.15|0|0|false|false|english|none|normal|false|false|false||1704997631000
65a032bdf8d3bd59510e7c09||47.73|90|59.97|78.62|39,2,0,0|words|10|-1|0|9.81|0|0|false|false|english|none|normal|false|false|false||1704997565000
65a032b1f8d3bd59510e7b69||49.03|85|49.03|61.5|50,0,0,0|words|10|-1|1|12.24|0|9.74|false|false|english|none|normal|false|false|false||1704997553000
65a0328cf8d3bd59510e7956||48.68|84.31|61.84|67.85|37,2,0,0|words|10|-1|0|9.12|0|0|false|false|english|none|normal|false|false|false||1704997516000
65a0327ff8d3bd59510e7881||60.47|90.2|64.5|73.26|45,1,0,0|words|10|-1|1|8.93|0|11.54|false|false|english|none|normal|false|false|false||1704997503000
65a03268f8d3bd59510e772e||54.21|95|54.21|60.48|54,0,0,0|words|10|-1|0|11.95|0|0|false|false|english|none|normal|false|false|false||1704997480000
65a03161f8d3bd59510e67e0||46.71|91.07|53.98|58.6|45,1,0,0|words|10|-1|0|11.56|0|0|false|false|english|none|normal|false|false|false||1704997217000
65a03155f8d3bd59510e672d||43.22|89.66|57.63|65.39|42,2,1,1|words|10|-1|0|11.66|0|0|false|false|english|none|normal|false|false|false||1704997205000
65a03146f8d3bd59510e6647||41.35|84.31|55.53|66.5|35,2,0,0|words|10|-1|0|10.16|0|0|false|false|english|none|normal|false|false|false||1704997190000
65a0313af8d3bd59510e659c||57.91|94.34|57.91|55.96|49,0,0,0|words|10|-1|0|10.15|0|0|false|false|english|none|normal|false|false|false||1704997178000
65a030a2f8d3bd59510e5cb7||47.51|82.69|58.76|65.02|38,3,0,1|words|10|-1|0|9.6|0|0|false|false|english|none|normal|false|false|false||1704997026000
65a03096f8d3bd59510e5c06||31.07|77.05|44.01|66.63|36,4,2,0|words|10|-1|0|13.91|0|0|false|false|english|none|normal|false|false|false||1704997014000
65a02eb9f8d3bd59510e3f71||33.53|83.93|41.47|52.27|38,2,0,2|words|10|-1|0|13.6|0|0|false|false|english|none|normal|false|false|false||1704996537000
65a02eaff8d3bd59510e3ea9||37.33|82.86|37.33|47.28|57,0,0,0|words|10|-1|0|18.32|0|0|false|false|english|none|normal|false|false|false||1704996524000
65a0229af8d3bd59510d9301||51.8|84.91|57.68|64.81|44,2,1,0|words|10|-1|0|10.19|0|0|false|false|english|none|normal|false|false|false||1704993434000
65a0228ef8d3bd59510d9247||40.57|84.29|49.32|54.43|51,2,1,0|words|10|-1|0|15.08|0|0|false|false|english|none|normal|false|false|false||1704993422000
65a0227df8d3bd59510d912a||56.27|97.92|56.27|67.66|46,0,0,0|words|10|-1|0|9.81|0|0|false|false|english|none|normal|false|false|false||1704993405000
65a02264f8d3bd59510d8fb9||34.85|75|47.05|59.7|40,7,1,2|words|10|-1|0|13.77|0|0|false|false|english|none|normal|false|false|false||1704993380000
65a02255f8d3bd59510d8ebb||56.48|94.44|56.48|69.3|51,0,0,0|words|10|-1|0|10.84|0|0|false|false|english|none|normal|false|false|false||1704993365000
65a0223bf8d3bd59510d8ce9||55.77|87.27|64.44|68.29|45,3,0,0|words|10|-1|0|9.68|0|0|false|false|english|none|normal|false|false|false||1704993337000
65a0222ef8d3bd59510d8c1c||40.92|81.48|51.42|57|39,5,0,1|words|10|-1|0|11.44|0|0|false|false|english|none|normal|false|false|false||1704993325000
65a02221f8d3bd59510d8b48||45.05|89.29|49.95|57.93|46,1,0,0|words|10|-1|0|12.25|0|0|false|false|english|none|normal|false|false|false||1704993312000
65a02211f8d3bd59510d8a55||43.47|85.45|58.74|59.13|37,2,0,1|words|10|-1|0|10.21|0|0|false|false|english|none|normal|false|false|false||1704993297000
65a02205f8d3bd59510d8992||45.22|89.8|50.61|58.26|42,2,0,1|words|10|-1|0|11.15|0|0|false|false|english|none|normal|false|false|false||1704993285000
65a021f8f8d3bd59510d88c6||38.48|82.86|38.48|61.79|55,0,0,0|words|10|-1|0|17.15|0|0|false|false|english|none|normal|false|false|false||1704993272000
65a021e6f8d3bd59510d87b3||28.73|75|46.41|50.94|26,4,0,0|words|10|-1|1|10.86|0|11.91|false|false|english|none|normal|false|false|false||1704993254000
65a021cdf8d3bd59510d8637||47.31|91.38|54.51|54.59|46,1,0,0|words|10|-1|0|11.67|0|0|false|false|english|none|normal|false|false|false||1704993229000
65a021bef8d3bd59510d855a||47.26|90.16|52.93|57.92|50,1,0,0|words|10|-1|0|12.7|0|0|false|false|english|none|normal|false|false|false||1704993214000
65a021aff8d3bd59510d847e||47.91|80.3|54.36|51.04|52,5,1,0|words|10|-1|0|13.02|0|0|false|false|english|none|normal|false|false|false||1704993199000
65a02168f8d3bd59510d8040||60.55|92.16|60.55|66.67|46,0,0,0|words|10|-1|0|9.12|0|0|false|false|english|none|normal|false|false|false||1704993128000
65a02128f8d3bd59510d7c58||58.99|92|65.7|71.66|44,2,0,1|words|10|-1|0|8.95|0|0|false|false|english|none|normal|false|false|false||1704993064000
65a020d7f8d3bd59510d7773||72.55|100|72.55|77.99|51,0,0,0|words|10|-1|0|8.44|0|0|false|false|english|none|normal|false|false|false||1704992983000
65a0208ff8d3bd59510d72ea||51.56|85.71|58.77|63.48|50,2,0,0|words|10|-1|0|11.64|0|0|false|false|english|none|normal|false|false|false||1704992910000
65a01f8ff8d3bd59510d63ab||68.8|100|68.8|68.19|56,0,0,0|words|10|-1|0|9.77|0|0|false|false|english|none|normal|false|false|false||1704992655000
65a01f83f8d3bd59510d62f1||50|90.91|50|59.74|47,0,0,0|words|10|-1|0|11.28|0|0|false|false|english|none|normal|false|false|false||1704992643000
65a01f75f8d3bd59510d621e||53.96|90.91|53.96|53.39|50,0,0,0|words|10|-1|0|11.12|0|0|false|false|english|none|normal|false|false|false||1704992629000
65a01f5cf8d3bd59510d60bd||42.06|81.25|52.87|61.68|35,3,0,1|words|10|-1|0|9.99|0|0|false|false|english|none|normal|false|false|false||1704992604000
65a01ed5f8d3bd59510d587e||45.41|81.82|68.11|69.49|36,4,2,1|words|10|-1|1|9.51|0|14.29|false|false|english|none|normal|false|false|false||1704992469000
65a01e30f8d3bd59510d4e85||76|89.36|85.04|88.48|42,3,1,0|words|10|-1|0|6.63|0|0|false|false|english|none|normal|false|false|false||1704992304000
65a01e27f8d3bd59510d4dfd||42.4|84.48|52.26|51.44|43,2,0,0|words|10|-1|1|12.17|0|2.39|false|false|english|none|normal|false|false|false||1704992295000
65a01debf8d3bd59510d4a4e||57.39|96.15|57.39|68.64|50,0,0,0|words|10|-1|0|10.46|0|0|false|false|english|none|normal|false|false|false||1704992235000
65a01ddff8d3bd59510d4994||41.44|80|46.96|53.87|45,2,0,0|words|10|-1|0|13.03|0|0|false|false|english|none|normal|false|false|false||1704992223000
65a01dd0f8d3bd59510d48a8||54.66|90.32|63.41|74.4|50,2,0,0|words|10|-1|0|10.98|0|0|false|false|english|none|normal|false|false|false||1704992208000
65a01dc2f8d3bd59510d47bc||43.17|83.33|64.75|69.45|40,7,0,1|words|10|-1|0|11.12|0|0|false|false|english|none|normal|false|false|false||1704992194000
65a01dacf8d3bd59510d4674||56.22|92.73|56.22|58.56|50,0,0,0|words|10|-1|3|10.67|0|31.21|false|false|english|none|normal|false|false|false||1704992172000
65a01d7cf8d3bd59510d43ab||43.17|78.18|55.67|64.43|38,4,0,0|words|10|-1|0|10.56|0|0|false|false|english|none|normal|false|false|false||1704992124000
65a01d6af8d3bd59510d4286||66.49|94|74.05|78.8|44,1,0,0|words|10|-1|0|7.94|0|0|false|false|english|none|normal|false|false|false||1704992106000
65a01d50f8d3bd59510d4124||45.6|79.63|50.9|52.5|43,4,0,1|words|10|-1|0|11.32|0|0|false|false|english|none|normal|false|false|false||1704992080000
65a01d29f8d3bd59510d3ed5||31.33|78.43|53.71|57.95|28,4,1,1|words|10|-1|0|10.73|0|0|false|false|english|none|normal|false|false|false||1704992040000
65a01d1cf8d3bd59510d3e13||44.13|88|60.07|71.63|36,3,0,0|words|10|-1|0|9.79|0|0|false|false|english|none|normal|false|false|false||1704992028000
65a01d10f8d3bd59510d3d68||38.8|80.65|56.7|54.89|39,3,1,1|words|10|-1|1|12.06|0|9.97|false|false|english|none|normal|false|false|false||1704992016000
65a01cf8f8d3bd59510d3bf3||42.6|81.97|50.34|62.27|44,2,0,0|words|10|-1|0|12.4|0|0|false|false|english|none|normal|false|false|false||1704991992000
65a01ce4f8d3bd59510d3ac7||46.24|93.1|49.94|55.31|50,0,0,1|words|10|-1|0|12.98|0|0|false|false|english|none|normal|false|false|false||1704991972000
65a01cd4f8d3bd59510d39d3||40.83|81.33|40.83|54.62|59,0,0,0|words|10|-1|0|17.34|0|0|false|false|english|none|normal|false|false|false||1704991956000
65a01cc2f8d3bd59510d38c2||62.12|92.59|62.12|67.26|50,0,0,0|words|10|-1|0|9.66|0|0|false|false|english|none|normal|false|false|false||1704991938000
65a01cacf8d3bd59510d3783||48.89|94.83|55.88|53.04|49,0,0,1|words|10|-1|1|12.03|1|15.58|false|false|english|none|normal|false|false|false||1704991916000
65a01c16f8d3bd59510d2e45|true|48.2|91.2|52.6|67.31|241,3,1,2|time|60|-1|1|60.01|0|7.95|false|false|english|none|normal|false|false|false||1704991766000
65a01bc7f8d3bd59510d295b||61.82|93.33|61.82|63.5|42,0,0,0|words|10|-1|0|8.15|0|0|false|false|english|none|normal|false|false|false||1704991687000
65a01b61f8d3bd59510d2312||35.57|81.48|39.22|57.48|39,0,0,1|words|10|-1|0|13.16|0|0|false|false|english|none|normal|false|false|false||1704991585000
65a01b29f8d3bd59510d1fd4||46.44|82.35|60.63|58.48|36,2,1,0|words|10|-1|0|9.3|0|0|false|false|english|none|normal|false|false|false||1704991529000
65a01b1ef8d3bd59510d1f24||42.51|88.71|46.94|51.28|48,0,0,1|words|10|-1|0|13.55|0|0|false|false|english|none|normal|false|false|false||1704991518000
65a01af2f8d3bd59510d1c72||34.12|76.56|44.11|59.46|41,3,0,0|words|10|-1|1|14.42|0|14.52|false|false|english|none|normal|false|false|false||1704991474000
65a01ad1f8d3bd59510d1a46||36.42|77.59|50.8|72.42|38,4,1,0|words|10|-1|0|12.52|0|0|false|false|english|none|normal|false|false|false||1704991441000
65a01ac3f8d3bd59510d195c||50.68|86.54|61.54|75.55|42,5,0,0|words|10|-1|0|9.94|0|0|false|false|english|none|normal|false|false|false||1704991426000
65a01ab7f8d3bd59510d188c||45.24|85.42|58.16|59.63|35,1,1,1|words|10|-1|0|9.28|0|0|false|false|english|none|normal|false|false|false||1704991415000
65a01a9ef8d3bd59510d1713||40.48|86|61.34|72.74|33,3,1,0|words|10|-1|0|9.78|0|0|false|false|english|none|normal|false|false|false||1704991390000
65a01a91f8d3bd59510d164b||55.28|95.08|55.28|60.4|58,0,0,0|words|10|-1|0|12.59|0|0|false|false|english|none|normal|false|false|false||1704991377000
65a01a83f8d3bd59510d1558||45.88|84.78|68.82|76.06|30,2,1,2|words|10|-1|0|7.85|0|0|false|false|english|none|normal|false|false|false||1704991363000
65a01a79f8d3bd59510d14b7||37.48|76.92|53.38|71.46|33,3,1,0|words|10|-1|0|10.57|0|0|false|false|english|none|normal|false|false|false||1704991353000
65a01a6cf8d3bd59510d13d2||42.23|85.42|55.89|64.29|34,3,0,2|words|10|-1|0|9.66|0|0|false|false|english|none|normal|false|false|false||1704991340000
65a01a61f8d3bd59510d12f8||34.21|85.11|62.95|57.68|25,1,1,3|words|10|-1|0|8.77|0|0|false|false|english|none|normal|false|false|false||1704991329000
65a01a56f8d3bd59510d1245||50.36|90.38|53.72|55.45|45,1,0,0|words|10|-1|1|10.72|0|10.59|false|false|english|none|normal|false|false|false||1704991318000
65a01a30f8d3bd59510d0fd8||62.56|94.64|62.56|74.27|52,0,0,0|words|10|-1|0|9.98|0|0|false|false|english|none|normal|false|false|false||1704991280000
65a01a15f8d3bd59510d0e27||68.18|96.3|68.18|71.08|52,0,0,0|words|10|-1|3|9.15|0|28.98|false|false|english|none|normal|false|false|false||1704991253000
65a019cdf8d3bd59510d0989||41.97|81.69|41.97|63.11|55,0,0,0|words|10|-1|0|15.73|0|0|false|false|english|none|normal|false|false|false||1704991181000
65a019bbf8d3bd59510d0878||39.6|82.54|51.57|61.76|43,1,1,0|words|10|-1|0|13.03|0|0|false|false|english|none|normal|false|false|false||1704991163000
65a019b0f8d3bd59510d0793||57.41|84|70.33|77.37|40,6,0,0|words|10|-1|0|8.36|0|0|false|false|english|none|normal|false|false|false||1704991150000
65a019a2f8d3bd59510d06db||57.47|90.48|57.47|61.82|56,0,0,0|words|10|-1|0|11.69|0|0|false|false|english|none|normal|false|false|false||1704991138000
65a0197ef8d3bd59510d04a8||34.4|78.95|45.27|57.03|38,5,0,0|words|10|-1|0|13.25|0|0|false|false|english|none|normal|false|false|false||1704991102000
65a01971f8d3bd59510d03ce||65.51|94.34|65.51|62.23|50,0,0,0|words|10|-1|0|9.16|0|0|false|false|english|none|normal|false|false|false||1704991088000
65a01963f8d3bd59510d030b||47.76|88.33|53.73|59.68|48,1,0,0|words|10|-1|0|12.06|0|0|false|false|english|none|normal|false|false|false||1704991075000
65a01934f8d3bd59510d003c||51.47|84.48|62.91|58.72|45,4,1,0|words|10|-1|0|10.49|0|0|false|false|english|none|normal|false|false|false||1704991028000
65a01928f8d3bd59510cff90||37.67|86.21|49.61|44.1|41,3,0,0|words|10|-1|0|13.06|0|0|false|false|english|none|normal|false|false|false||1704991016000
65a01906f8d3bd59510cfd4f||42.36|80.3|50.31|79.76|48,2,1,0|words|10|-1|0|13.6|0|0|false|false|english|none|normal|false|false|false||1704990982000
65a018f8f8d3bd59510cfc2c||41.04|88.52|52.24|46.75|44,2,1,0|words|10|-1|0|12.86|0|0|false|false|english|none|normal|false|false|false||1704990966000
65a018e5f8d3bd59510cfb3b||55.39|90.91|60.2|63.6|46,1,0,1|words|10|-1|0|9.97|0|0|false|false|english|none|normal|false|false|false||1704990949000
65a00f33f8d3bd59510c6600||38.42|80|52.29|57.82|36,3,0,1|words|10|-1|0|11.25|0|0|false|false|english|none|normal|false|false|false||1704988467000
65a00f26f8d3bd59510c6548||42.33|78.95|56.81|61.47|38,4,1,1|words|10|-1|0|10.77|0|0|false|false|english|none|normal|false|false|false||1704988454000
65a00f19f8d3bd59510c6481||38.2|81.13|55.05|60.95|34,2,1,2|words|10|-1|0|10.68|0|0|false|false|english|none|normal|false|false|false||1704988441000
65a00f03f8d3bd59510c6357||47.81|80|75.93|75.05|34,5,2,0|words|10|-1|0|8.53|0|0|false|false|english|none|normal|false|false|false||1704988419000
65a00ef8f8d3bd59510c6290||53.49|92|53.49|60.93|45,0,0,0|words|10|-1|0|10.1|0|0|false|false|english|none|normal|false|false|false||1704988408000
65a00eeaf8d3bd59510c61bd||58.54|88.14|68.09|62.5|49,4,0,0|words|10|-1|0|10.05|0|0|false|false|english|none|normal|false|false|false||1704988394000
65a00edcf8d3bd59510c60f2||57.61|90.48|57.61|63.85|56,0,0,0|words|10|-1|0|11.66|0|0|false|false|english|none|normal|false|false|false||1704988380000
65a00ecef8d3bd59510c6012||37.38|77.42|48.59|65.69|40,2,0,1|words|10|-1|0|12.84|0|0|false|false|english|none|normal|false|false|false||1704988366000
65a00d62f8d3bd59510c4acb||66.8|100|66.8|74.65|49,0,0,0|words|10|-1|0|8.8|0|0|false|false|english|none|normal|false|false|false||1704988002000
65a00d52f8d3bd59510c4a02||64.89|93.75|64.89|65.77|45,0,0,0|words|10|-1|0|8.32|0|0|false|false|english|none|normal|false|false|false||1704987986000
65a00d2bf8d3bd59510c47c6||50.92|95|59.06|62.26|50,0,0,1|words|10|-1|0|11.78|0|0|false|false|english|none|normal|false|false|false||1704987947000
65a00d0ff8d3bd59510c462e||56.59|93.33|56.59|70.8|56,0,0,0|words|10|-1|0|11.88|0|0|false|false|english|none|normal|false|false|false||1704987919000
65a00cfdf8d3bd59510c452b||46.23|81.82|57.51|68.22|41,4,0,1|words|10|-1|0|10.64|0|0|false|false|english|none|normal|false|false|false||1704987901000
65a00c39f8d3bd59510c39c8||40.6|85.96|45.22|56.64|44,1,0,0|words|10|-1|0|13|0|0|false|false|english|none|normal|false|false|false||1704987705000
65a00c0ef8d3bd59510c373b||59.55|95.92|64.96|78.67|44,0,0,1|words|10|-1|0|8.87|0|0|false|false|english|none|normal|false|false|false||1704987662000
65a00c00f8d3bd59510c3671||48.44|94.44|58.82|73.29|42,1,0,0|words|10|-1|2|10.41|0|14.18|false|false|english|none|normal|false|false|false||1704987648000
659ffef0f8d3bd59510b7558||48.71|86.67|55.97|71.95|47,1,0,0|words|10|-1|0|11.58|0|0|false|false|english|none|normal|false|false|false||1704984304000
659ffedef8d3bd59510b7459||47.37|84.21|62.76|62.47|40,3,0,0|words|10|-1|0|10.13|0|0|false|false|english|none|normal|false|false|false||1704984286000
659ffed3f8d3bd59510b73af||47.89|91.07|54.14|62.2|46,1,0,0|words|10|-1|0|11.53|0|0|false|false|english|none|normal|false|false|false||1704984274000
659ffec7f8d3bd59510b7306||45.09|82.46|59.39|70.13|41,6,0,0|words|10|-1|0|10.91|0|0|false|false|english|none|normal|false|false|false||1704984262000
659ffeb8f8d3bd59510b7244||49.44|85.25|62.63|77.97|45,2,1,1|words|10|-1|0|10.92|0|0|false|false|english|none|normal|false|false|false||1704984248000
659ffeaaf8d3bd59510b717c||51.81|85.45|55.26|63.83|45,1,0,0|words|10|-1|0|10.42|0|0|false|false|english|none|normal|false|false|false||1704984233000
659ffdfcf8d3bd59510b67bc||49.25|83.67|65.66|73.97|36,4,1,0|words|10|-1|0|8.77|0|0|false|false|english|none|normal|false|false|false||1704984060000
659ffdf2f8d3bd59510b6723||41.94|81.36|50.92|54.64|42,2,0,0|words|10|-1|0|12.02|0|0|false|false|english|none|normal|false|false|false||1704984050000
659ffddff8d3bd59510b6619||40.83|82.26|46.04|60.78|47,4,0,0|words|10|-1|0|13.82|0|0|false|false|english|none|normal|false|false|false||1704984031000
659ffc84f8d3bd59510b526c||34.35|75|46.47|54.12|34,2,0,1|words|10|-1|0|11.88|0|0|false|false|english|none|normal|false|false|false||1704983683000
659ffc76f8d3bd59510b51af||39.34|84|57.78|73.23|32,3,0,1|words|10|-1|0|9.76|0|0|false|false|english|none|normal|false|false|false||1704983669000
659ffc69f8d3bd59510b50e5||48.01|83.67|63.09|72.41|35,3,0,0|words|10|-1|0|8.75|0|0|false|false|english|none|normal|false|false|false||1704983655000
659ffc47f8d3bd59510b4f2b||16.2|75.79|37.6|57.21|81,23,10,4|time|60|-1|0|60|1|0|false|false|english|binary|normal|false|false|false||1704983620000
659ffbbff8d3bd59510b4837||33|81.72|49.99|59.06|165,17,2,6|time|60|-1|0|60.01|0|0|false|false|english|none|normal|false|false|false||1704983487000
659ffb7ef8d3bd59510b4469||40.6|81.82|50.6|66.53|203,8,3,2|time|60|-1|0|60.01|0|0|false|false|english|none|normal|false|false|false||1704983420000
659ff893f8d3bd59510b1b33||42.39|83.33|60.78|79.89|53,7,1,0|time|15|-1|0|15.01|0|0|false|false|english|none|normal|false|false|false||1704982673000
659ff77cf8d3bd59510b0d67||41.58|80.52|56.77|68.3|52,5,1,0|time|15|-1|1|15.01|0|2.51|false|false|english|none|normal|false|false|false||1704982396000
659ff5a3f8d3bd59510af690|true|46.19|87.2|54.39|61.27|231,11,3,1|time|60|-1|0|60.01|0|0|false|false|english|none|normal|false|false|false||1704981923000
659ff55af8d3bd59510af31b||62.06|94.23|68.66|68.06|47,2,0,0|words|10|-1|0|9.09|0|0|false|false|english|none|normal|false|false|false||1704981850000
659febbbf8d3bd59510a7764||36.72|84.13|48.08|65.3|42,3,0,0|words|10|-1|0|13.73|0|0|false|false|english|none|normal|false|false|false||1704979387000
659febabf8d3bd59510a76a7||50.07|75.93|67.19|73.55|38,5,3,0|words|10|-1|0|9.11|0|0|false|false|english|none|normal|false|false|false||1704979371000
659feb58f8d3bd59510a72df||43.29|78.13|53.65|67.76|46,5,1,0|words|10|-1|0|12.75|0|0|false|false|english|none|normal|false|false|false||1704979288000
659feb49f8d3bd59510a7238||59.23|92.45|68.66|76.7|44,0,1,0|words|10|-1|0|8.91|0|0|false|false|english|none|normal|false|false|false||1704979273000
659feb40f8d3bd59510a71a6||45.61|85.42|61.24|68|35,4,0,1|words|10|-1|0|9.21|0|0|false|false|english|none|normal|false|false|false||1704979262000
659feb2af8d3bd59510a708a||54.29|93.62|59.58|58.5|41,0,0,1|words|10|-1|0|9.06|0|0|false|false|english|none|normal|false|false|false||1704979242000
659feb1ff8d3bd59510a7011||68.5|98.08|68.5|67.72|50,0,0,0|words|10|-1|0|8.76|0|0|false|false|english|none|normal|false|false|false||1704979231000
659feb13f8d3bd59510a6f7a||63.11|96.43|63.11|68.16|54,0,0,0|words|10|-1|0|10.27|0|0|false|false|english|none|normal|false|false|false||1704979219000
659feafcf8d3bd59510a6e6a||59.84|90.32|64.35|69.97|53,0,0,1|words|10|-1|0|10.63|0|0|false|false|english|none|normal|false|false|false||1704979196000
659feadcf8d3bd59510a6ce8||63.97|96.55|63.97|65.34|56,0,0,0|words|10|-1|0|10.51|0|0|false|false|english|none|normal|false|false|false||1704979164000
659fead0f8d3bd59510a6c3d||35.36|83.64|58.56|71.83|32,3,1,0|words|10|-1|0|10.86|0|0|false|false|english|none|normal|false|false|false||1704979152000
659feabaf8d3bd59510a6b39||25.48|89.83|28.02|4.43|50,1,0,0|words|10|-1|0|23.55|10|0|false|false|english|none|normal|false|false|false||1704979130000
659feaa1f8d3bd59510a69fa||55.29|91.07|55.29|58.69|51,0,0,0|words|10|-1|0|11.07|0|0|false|false|english|none|normal|false|false|false||1704979104000
659fea33f8d3bd59510a64ed||40.56|85.11|55.31|64.77|33,3,0,0|words|10|-1|0|9.76|0|0|false|false|english|none|normal|false|false|false||1704978995000
659fea26f8d3bd59510a644e||46.46|78.57|56.66|70.25|41,5,1,1|words|10|-1|0|10.59|0|0|false|false|english|none|normal|false|false|false||1704978982000
659fe7cbf8d3bd59510a49d8||60.14|94.55|67.66|75.95|48,1,0,0|words|10|-1|1|9.58|0|5.26|false|false|english|none|normal|false|false|false||1704978379000
659fe7b8f8d3bd59510a4906||42.91|86.44|46.72|68.43|45,0,0,1|words|10|-1|0|12.59|0|0|false|false|english|none|normal|false|false|false||1704978360000
659fe7a8f8d3bd59510a4858||45.24|88.71|48.79|58.78|51,0,0,1|words|10|-1|0|13.53|0|0|false|false|english|none|normal|false|false|false||1704978344000
659fe73ef8d3bd59510a43f8||33.07|91.49|37.21|24.87|40,1,0,0|words|10|-1|0|14.51|4|0|false|false|english|none|normal|false|false|false||1704978238000
659fe726f8d3bd59510a42cd||67.61|91.11|72.68|56.55|40,1,0,0|words|10|-1|0|7.1|0|0|false|false|english|none|normal|false|false|false||1704978214000
659fe668f8d3bd59510a3b11||56.44|87.93|63.35|71.88|49,2,1,0|words|10|-1|0|10.42|0|0|false|false|english|none|normal|false|false|false||1704978024000
659fe5e7f8d3bd59510a3565||59.16|90.38|67.42|71.72|43,2,1,0|words|10|-1|0|8.72|0|0|false|false|english|none|normal|false|false|false||1704977895000
659fe55cf8d3bd59510a2f63||55.4|93.33|55.4|61.5|56,0,0,0|words|10|-1|0|12.13|0|0|false|false|english|none|normal|false|false|false||1704977756000
659faef7f8d3bd5951083a5f||48.46|82.26|56.89|63.95|46,3,1,0|words|10|-1|0|11.39|0|0|false|false|english|none|normal|false|false|false||1704963831000
659faedcf8d3bd595108396f||32.27|91.58|35.91|62.69|80,1,0,0|words|10|-1|0|29.75|0|0|false|false|english|binary|normal|false|false|false||1704963804000
659fae3ff8d3bd5951083430||34.33|93.75|34.33|55.17|89,0,0,0|words|10|-1|0|31.11|0|0|false|false|english|binary|normal|false|false|false||1704963647000
659fad57f8d3bd5951082c10||46.71|88.06|46.71|58.45|56,0,0,0|words|10|-1|0|14.39|0|0|false|false|english|plus_one|normal|false|false|false||1704963415000
659fad3cf8d3bd5951082b3e||39.53|91.07|39.53|56.01|40,0,0,0|words|10|-1|0|12.14|0|0|false|false|english|nospace|normal|false|false|false||1704963388000
659fad26f8d3bd5951082a9a||52.16|91.07|52.16|73.51|50,0,0,0|words|10|-1|0|11.5|0|0|false|false|english|nausea|normal|false|false|false||1704963366000
659fad17f8d3bd5951082a23||39.1|78.57|49.39|66.14|38,4,0,1|words|10|-1|0|11.66|0|0|false|false|english|nausea|normal|false|false|false||1704963351000
659facbdf8d3bd59510826fb||41.85|88.71|47.83|51.8|49,1,0,0|words|10|-1|0|14.05|0|0|false|false|english|earthquake|normal|false|false|false||1704963261000
659fac9ff8d3bd595108260b||32.16|75|36.02|44.04|50,3,0,0|words|10|-1|0|18.66|0|0|false|false|english|crt|normal|false|false|false||1704963231000
659fac5ff8d3bd59510823e9||38.83|96.74|38.83|68.95|89,0,0,0|words|10|-1|0|27.5|0|0|false|false|english|binary|normal|false|false|false||1704963167000
659fac3ef8d3bd59510822a4||24.43|90.29|27.48|39.08|80,0,1,0|words|10|-1|0|39.3|0|0|false|false|english|binary|normal|false|false|false||1704963134000
659fac02f8d3bd595108209f||13.62|82.14|17.03|34.19|32,4,0,0|words|10|-1|0|28.19|1|0|false|false|english|arrows|normal|false|false|false||1704963074000
659fa8c0f8d3bd59510802f3||42.09|82.46|42.09|50.16|45,0,0,0|words|10|-1|0|12.83|0|0|false|false|english|none|normal|false|false|false||1704962240000
659fa810f8d3bd595107fd17||37.43|79.25|53.31|57.51|33,3,0,2|words|10|-1|0|10.58|0|0|false|false|english|none|normal|false|false|false||1704962064000
659fa7f0f8d3bd595107fbf9||50.87|86.44|55.29|51.45|46,1,0,0|words|10|-1|0|10.85|0|0|false|false|english|none|normal|false|false|false||1704962032000
659fa6cef8d3bd595107f278||35.61|83.65|37.37|60.7|81,0,0,1|quote|6418|0|1|27.29|0|0.96|false|false|english|none|normal|false|false|false||1704961742000
659fa695f8d3bd595107f093||48.42|88.46|59.92|71.83|80,3,1,2|quote|5461|0|0|19.83|0|0|false|false|english|none|normal|false|false|false||1704961685000
659fa678f8d3bd595107efa5||47.43|93.75|54.51|73.19|67,2,0,1|quote|4981|0|0|16.95|0|0|false|false|english|none|normal|false|false|false||1704961656000
659fa61cf8d3bd595107ec9c||34.37|88.04|37.11|45.86|75,1,0,0|quote|6599|0|0|26.19|0|0|false|false|english|none|normal|false|false|false||1704961564000
659fa5f9f8d3bd595107eb7b||35.16|81.16|42.33|57.25|49,3,1,0|quote|5138|0|0|16.72|0|0|false|false|english|none|normal|false|false|false||1704961529000
659fa5e1f8d3bd595107eabc||55.29|92.31|55.29|63.09|96,0,0,0|quote|51|0|0|20.84|0|0|false|false|english|none|normal|false|false|false||1704961505000
659fa5b6f8d3bd595107e96b||54.56|89.47|60.37|55.12|47,1,0,1|quote|5192|0|0|10.34|0|0|false|false|english|none|normal|false|false|false||1704961462000
659fa5a5f8d3bd595107e8ee||51.39|93.62|51.39|63.9|44,0,0,0|quote|6948|0|0|10.27|0|0|false|false|english|none|normal|false|false|false||1704961445000
659fa53ef8d3bd595107e58d||52.58|91.3|64.05|77.67|55,2,0,1|quote|77|0|0|12.55|0|0|false|false|english|none|normal|false|false|false||1704961342000
659fa52ef8d3bd595107e50a||47.09|87.01|53.92|70.03|62,3,1,0|quote|6652|0|0|15.8|0|0|false|false|english|none|normal|false|false|false||1704961326000
659fa51af8d3bd595107e461||32.25|80|33.98|61.59|56,1,0,1|quote|6617|0|0|20.84|0|0|false|false|english|none|normal|false|false|false||1704961306000
659fa500f8d3bd595107e398||34.27|81.55|40.29|49.08|74,3,0,1|quote|6594|0|0|25.91|0|0|false|false|english|none|normal|false|false|false||1704961280000
659fa4c0f8d3bd595107e17b||42.25|90.14|54.43|59.92|52,2,0,0|quote|3221|0|0|14.77|0|0|false|false|english|none|normal|false|false|false||1704961216000
659fa49df8d3bd595107e06a||33.07|81.92|40.67|57.45|187,12,2,4|quote|4814|1|0|67.86|0|0|false|false|english|none|normal|false|false|false||1704961181000
659fa41df8d3bd595107dc55||44.38|94.12|50.29|61.99|45,2,0,0|words|10|-1|2|12.17|0|14.14|false|false|english|none|normal|false|false|false||1704961053000
659fa2b0f8d3bd595107d0b5||50.07|83.67|62.59|70.02|36,2,0,0|words|10|-1|0|8.63|0|0|false|false|english|none|normal|false|false|false||1704960688000
659fa2a5f8d3bd595107d050||46.88|85.48|46.88|54.32|52,0,0,0|words|10|-1|0|13.31|0|0|false|false|english|none|normal|false|false|false||1704960677000
659fa296f8d3bd595107cfd3||54.93|88.46|59.92|64.58|44,1,1,0|words|10|-1|1|9.61|0|2.49|false|false|english|none|normal|false|false|false||1704960662000
659fa253f8d3bd595107cd90||42.67|84.91|58.08|65.94|36,2,0,1|words|10|-1|0|10.12|0|0|false|false|english|none|normal|false|false|false||1704960595000
659fa247f8d3bd595107cd26||43.22|81.82|50|58.7|51,5,1,0|words|10|-1|0|14.16|0|0|false|false|english|none|normal|false|false|false||1704960583000
659fa237f8d3bd595107cc87||40.13|81.82|47.5|72.02|49,2,1,0|words|10|-1|0|14.65|0|0|false|false|english|none|normal|false|false|false||1704960567000
659fa225f8d3bd595107cbeb||60.8|84.62|81.07|84.23|39,5,1,0|words|10|-1|0|7.7|0|0|false|false|english|none|normal|false|false|false||1704960549000
659fa21bf8d3bd595107cb94||61.07|92.16|69.21|70.69|45,2,1,0|words|10|-1|0|8.84|0|0|false|false|english|none|normal|false|false|false||1704960539000
659fa203f8d3bd595107cac2||58.09|92|58.09|61.88|46,0,0,0|words|10|-1|1|9.5|0|2.95|false|false|english|none|normal|false|false|false||1704960515000
659fa1e2f8d3bd595107c9cb||60.61|95.16|66.02|70.61|56,1,0,0|words|10|-1|0|11.09|0|0|false|false|english|none|normal|false|false|false||1704960482000
659fa1d4f8d3bd595107c95a||55.53|93.1|62.19|71.5|50,1,0,0|words|10|-1|1|10.81|0|1.21|false|false|english|none|normal|false|false|false||1704960468000
659fa0a2f8d3bd595107bff3||63.39|93.1|63.39|63.76|54,0,0,0|words|10|-1|0|10.22|0|0|false|false|english|none|normal|false|false|false||1704960162000
659fa095f8d3bd595107bf82||47.63|82.46|61.24|71.03|42,4,1,0|words|10|-1|0|10.58|0|0|false|false|english|none|normal|false|false|false||1704960149000
659fa082f8d3bd595107bedf||63.75|96.55|63.75|78.33|56,0,0,0|words|10|-1|0|10.54|0|0|false|false|english|none|normal|false|false|false||1704960130000
659fa04cf8d3bd595107bd04||57.56|91.49|66.42|63.04|39,1,0,0|words|10|-1|0|8.13|0|0|false|false|english|none|normal|false|false|false||1704960076000
659f9fbff8d3bd595107b856||40.23|76.36|55.88|64.17|36,2,5,0|words|10|-1|0|10.74|0|0|false|false|english|none|normal|false|false|false||1704959935000
659f9ea6f8d3bd595107af75|true|76.38|100|76.38|82.14|57,0,0,0|words|10|-1|0|8.96|0|0|false|false|english|none|normal|false|false|false||1704959654000
659f9e2af8d3bd595107ab8e||48.5|82.76|55.11|61.15|44,2,1,0|words|10|-1|0|10.89|0|0|false|false|english|none|normal|false|false|false||1704959530000
659f9d55f8d3bd595107a466|true|66.26|86.79|75.5|73.6|43,1,1,0|words|10|-1|0|7.79|0|0|false|false|english|none|normal|false|false|false||1704959317000
659f9d07f8d3bd595107a1bd||45.75|85.71|45.75|58.92|59,0,0,0|words|10|-1|0|15.47|0|0|false|false|english|none|normal|false|false|false||1704959239000
659f9cf3f8d3bd595107a11b||42.08|82.86|49.51|58.51|51,1,1,0|words|10|-1|0|14.54|0|0|false|false|english|none|normal|false|false|false||1704959219000
659f9ce1f8d3bd595107a066||43.04|77.97|55.95|65.31|40,3,1,0|words|10|-1|0|11.15|0|0|false|false|english|none|normal|false|false|false||1704959201000
659f9cd0f8d3bd5951079fd1||55.46|91.84|66.55|67.92|40,1,0,1|words|10|-1|0|8.65|0|0|false|false|english|none|normal|false|false|false||1704959184000
659f9cc0f8d3bd5951079f4f||51.51|84.21|70.83|71.66|40,4,1,0|words|10|-1|0|9.32|0|10.21|false|false|english|none|normal|false|false|false||1704959168000
659f9c90f8d3bd5951079d94||64.82|94.23|64.82|81.67|48,0,0,0|words|10|-1|0|8.89|0|0|false|false|english|none|normal|false|false|false||1704959120000
659f9aacf8d3bd5951078d72||55.69|88.24|63.65|64.44|42,2,0,0|words|10|-1|0|9.05|0|0|false|false|english|none|normal|false|false|false||1704958636000
659f9a9cf8d3bd5951078cef||47.49|84.91|62.49|69.31|38,3,0,1|words|10|-1|0|9.6|0|0|false|false|english|none|normal|false|false|false||1704958620000
659f9a8ef8d3bd5951078c81||47.71|88.14|54.07|60.67|45,1,0,0|words|10|-1|0|11.32|0|0|false|false|english|none|normal|false|false|false||1704958606000
659f9a0ff8d3bd59510788d7||53.83|91.07|63.62|72.27|44,1,0,0|words|10|-1|0|9.81|0|0|false|false|english|none|normal|false|false|false||1704958479000
659f99fef8d3bd5951078838|true|47.16|85.71|56.75|67.51|59,3,1,0|time|15|-1|0|15.01|0|0|false|false|english|none|normal|false|false|false||1704958462000
659f99e1f8d3bd5951078764||49.36|79.66|56.71|68.43|47,5,1,0|words|10|-1|0|11.43|0|0|false|false|english|none|normal|false|false|false||1704958433000
659f998ef8d3bd59510784fa||48.5|83.02|61.26|68.38|38,2,0,0|words|10|-1|0|9.4|0|0|false|false|english|none|normal|false|false|false||1704958350000
659f997bf8d3bd5951078471||33.58|77.36|63.43|68.43|27,5,2,0|words|10|-1|0|9.65|0|0|false|false|english|none|normal|false|false|false||1704958331000
659f98dbf8d3bd5951077fb0||52.75|85.19|61.34|72.33|43,5,0,1|words|10|-1|0|9.78|0|0|false|false|english|none|normal|false|false|false||1704958171000
659d9885f8d3bd5951f47078||42.65|87.72|46.36|77.58|46,1,0,0|words|10|-1|0|12.94|0|0|false|false|english|none|normal|false|false|false||1704827013000
659d9746f8d3bd5951f4608e||47.63|91.38|55.92|67.13|46,1,0,0|words|10|-1|0|11.59|0|0|false|false|english|none|normal|false|false|false||1704826694000
659d9739f8d3bd5951f45fe2||34.59|75.76|49.67|59.13|39,3,1,0|words|10|-1|0|13.53|0|0|false|false|english|none|normal|false|false|false||1704826681000
659d9687f8d3bd5951f457ac||58.22|100|58.22|60.89|45,0,0,0|words|10|-1|0|9.28|0|0|false|false|english|none|normal|false|false|false||1704826503000
659d967cf8d3bd5951f45722||38.31|80.6|46.3|55.99|48,3,0,0|words|10|-1|1|15.03|0|12.1|false|false|english|none|normal|false|false|false||1704826492000
659d963df8d3bd5951f45409|true|65.89|92.31|73.21|63.73|45,1,0,0|words|10|-1|0|8.2|0|0|false|false|english|none|normal|false|false|false||1704826429000
659d962ff8d3bd5951f45357||46.96|92.59|59.88|57.97|40,0,1,1|words|10|-1|0|10.22|0|0|false|false|english|none|normal|false|false|false||1704826415000
659d9603f8d3bd5951f45128|true|35.64|81.45|49.16|67.96|145,12,2,2|custom|custom|-1|0|48.83|0|0|false|false|english|none|normal|false|false|false||1704826371000
659d95aef8d3bd5951f44d21||49.58|90.07|56.78|71.68|124,4,0,0|time|30|-1|0|30.01|0|0|false|false|english|none|normal|false|false|false||1704826286000
659d9554f8d3bd5951f4485e||43.18|86.67|49.58|59.96|108,6,1,1|time|30|-1|0|30.01|1|0|false|false|english|none|normal|false|false|false||1704826196000
659d951ef8d3bd5951f445a9||35.2|77.3|48.8|61.5|88,6,2,0|time|30|-1|0|30|0|0|false|false|english|none|normal|false|false|false||1704826142000
659d9430f8d3bd5951f43968||37.19|81.33|54.38|64.61|93,9,2,0|time|30|-1|0|30.01|0|0|false|false|dutch|none|normal|false|false|false||1704825904000
659d9397f8d3bd5951f43137|true|45.58|81.33|52.78|58.72|114,9,2,0|time|30|-1|0|30.01|0|0|false|false|dutch|none|normal|false|false|false||1704825751000
659d933af8d3bd5951f42c73||39.98|82.07|53.58|67.47|100,9,1,0|time|30|-1|0|30.01|0|0|false|false|english|none|normal|false|false|false||1704825658000
659d8176f8d3bd5951f33977||37.19|78.77|53.19|61.13|93,13,2,1|time|30|-1|0|30.01|0|0|false|false|english|none|normal|false|false|false||1704821110000
659d8081f8d3bd5951f32c11||45.58|85.52|53.18|69.74|114,6,1,0|time|30|-1|0|30.01|0|0|false|false|english|none|normal|false|false|false||1704820865000
659d805ef8d3bd5951f32a30||45.59|85.81|53.99|61.23|114,4,1,0|time|30|-1|0|30.01|0|0|false|false|english|none|normal|false|false|false||1704820830000
659d801df8d3bd5951f326bf||38.39|79.75|60.78|65.84|96,10,4,2|time|30|-1|0|30.01|0|0|false|false|english|none|normal|false|false|false||1704820765000
659d6eb4f8d3bd5951f2334f||48.37|86.99|53.17|63.74|121,5,1,1|time|30|-1|0|30.02|0|0|false|false|english|none|normal|false|false|false||1704816308000
659d6e02f8d3bd5951f22a22||52.37|90.97|56.77|66.45|131,1,0,1|time|30|-1|0|30.02|0|0|false|false|english|none|normal|false|false|false||1704816130000
659d6ddaf8d3bd5951f2281c||37.59|81.46|57.18|64.29|94,10,3,1|time|30|-1|0|30.01|0|0|false|false|english|none|normal|false|false|false||1704816090000
659d27d8f8d3bd5951ef19e5||42.4|87.12|48|46.2|106,2,1,1|time|30|-1|0|30|2|0|false|false|english|none|normal|false|false|false||1704798168000
659d2740f8d3bd5951ef1511||46.8|87.84|56.8|59.17|117,6,3,0|time|30|-1|1|30|0|7.05|false|false|english|none|normal|false|false|false||1704798015000
659d26b0f8d3bd5951ef0ff5||45.59|83.01|54.79|63.73|114,7,2,1|time|30|-1|0|30.01|0|0|false|false|english|none|normal|false|false|false||1704797872000
659d25eff8d3bd5951ef08ef|true|53.2|90.51|59.2|69.41|133,1,1,1|time|30|-1|0|30|0|0|false|false|english|none|normal|false|false|false||1704797679000
659d24c1f8d3bd5951eefe57||44.4|85.31|51.59|66.32|111,5,0,1|time|30|-1|0|30|0|0|false|false|english|none|normal|false|false|false||1704797377000
659d248af8d3bd5951eefc2f|true|47.59|88.32|47.59|69.2|119,0,0,0|time|30|-1|0|30.01|0|0|false|false|english|none|normal|false|false|false||1704797322000
659d245cf8d3bd5951eefa95||42.38|80|54.77|67.35|106,12,4,1|time|30|-1|0|30.01|0|0|false|false|english|none|normal|false|false|false||1704797276000
659d2319f8d3bd5951eeef21||41.58|82.98|49.98|67.9|104,3,3,0|time|30|-1|0|30.01|0|0|false|false|english|none|normal|false|false|false||1704796953000
659d22b5f8d3bd5951eeeb51||31.74|78.05|37.84|52.65|26,1,0,0|quote|5098|0|1|9.83|0|6.82|false|false|english|none|normal|false|false|false||1704796853000
6592f6c2a65b7d25a1913d34||40.75|90.78|41.32|56.73|647,1,1,0|quote|2141|3|0|190.52|2|0|false|false|english|none|normal|false|false|false||1704130242000
6592eec6a65b7d25a190fc77||69.46|98.08|75.24|69.72|48,0,0,1|quote|5192|0|0|8.29|0|0|false|false|english|none|normal|false|false|false||1704128198000
6592ed09a65b7d25a190ed40||40.26|86.15|43.35|57.29|52,1,0,0|quote|1621|0|0|15.5|0|0|false|false|english|none|normal|false|false|false||1704127753000
65909e09a65b7d25a18188ed||48.93|86.49|55.56|64.16|59,1,0,1|quote|6208|0|0|14.47|0|0|false|false|english|none|normal|false|false|false||1703976457000
65909dd2a65b7d25a181879e||35.47|84|39.67|48.81|76,2,0,0|quote|5207|0|0|25.71|0|0|false|false|english|none|normal|false|false|false||1703976402000
65909d9aa65b7d25a181863d||42.85|84.85|50.41|57.88|51,3,0,0|quote|54|0|0|14.28|1|0|false|false|english|none|normal|false|false|false||1703976346000
65909d12a65b7d25a181832f||38.2|85.12|42.46|52.97|305,11,2,4|quote|379|2|0|95.82|0|0|false|false|english|none|normal|false|false|false||1703976210000
65909affa65b7d25a181775b||40.41|86.73|41.36|52.78|85,1,0,1|quote|2049|0|0|25.24|0|0|false|false|english|none|normal|false|false|false||1703975679000
65070549b3a5cd152610d35a||26.45|77.48|34.65|52.26|100,8,0,1|quote|6622|1|0|45.36|0|0|false|false|english|none|normal|false|false|false||1694958921000
65070517b3a5cd152610d1c4||31.07|82.61|39.85|62.72|46,3,1,0|quote|3264|0|0|17.77|0|0|false|false|english|none|normal|false|false|false||1694958871000
65070143b3a5cd1526098e4a||40.74|86.21|43|52.17|72,1,0,0|quote|16|0|0|21.21|0|0|false|false|english|none|normal|false|false|false||1694957891000
65070125b3a5cd1526098d54||28.71|82.61|39.56|42.2|45,2,0,2|quote|5196|0|0|18.81|0|0|false|false|english|none|normal|false|false|false||1694957861000
6507010fb3a5cd1526098cae||35.39|78.79|46.4|53.22|45,4,0,5|quote|5196|0|0|15.26|0|0|false|false|english|none|normal|false|false|false||1694957839000
6506ff34b3a5cd1526025a7c||36.98|84.13|49.31|66.65|45,5,0,0|quote|12|0|0|14.6|0|0|false|false|english|none|normal|false|false|false||1694957364000
6506ff1db3a5cd15260259b3||40.13|80|49.49|59.84|60,7,1,1|quote|4506|0|0|17.94|0|0|false|false|english|none|normal|false|false|false||1694957341000
6506fefcb3a5cd15260258be||39.3|90.8|45.39|65.56|71,1,0,1|quote|355|0|0|21.68|0|0|false|false|english|none|normal|false|false|false||1694957308000
6506fc90b3a5cd1526024445||43.26|91.94|43.26|60.44|57,0,0,0|quote|2923|0|1|15.81|0|16.9|false|false|english|none|normal|false|false|false||1694956688000
6506fbbab3a5cd1526fb1a08||47.01|90.8|53.54|62.98|72,2,0,0|quote|6473|0|0|18.38|0|0|false|false|english|none|normal|false|false|false||1694956474000
6506fa15b3a5cd1526fb0d45||40.04|90.7|52.95|58.36|31,1,0,0|quote|5282|0|0|9.29|0|0|false|false|english|none|normal|false|false|false||1694956053000
6506fa04b3a5cd1526fb0cd3||43.07|87.67|43.07|55.72|64,0,0,0|quote|6154|0|0|17.83|0|0|false|false|english|none|normal|false|false|false||1694956036000
6506f9ecb3a5cd1526fb0c1b||39.43|83.67|45.66|60.41|38,2,0,0|quote|3814|0|2|11.56|0|253.13|false|false|english|none|normal|false|false|false||1694956012000
6506f5c6b3a5cd1526f3c8fa||46|87.1|56.77|57.18|47,2,0,1|words|10|-1|0|12.26|0|0|false|false|english|none|normal|false|false|false||1694954950000
6506f5b6b3a5cd1526f3c877||36.47|76|61.21|59.04|28,3,2,1|words|10|-1|0|9.21|0|0|false|false|english|none|normal|false|false|false||1694954934000
64e0071d296972726c354c0f||31.39|77.59|41.57|47.68|37,4,0,1|words|10|-1|0|14.15|0|0|false|false|english|none|normal|false|false|false||1692403485000
6476f2480170c3dfdc087358||35.48|86.5|43.42|57.44|353,20,1,5|quote|2938|2|0|119.4|0|0|false|false|english|none|normal|false|false|false||1685516872000
6476f19b0170c3dfdc086e96||29.58|85.05|35.52|50.43|284,14,0,4|quote|4254|2|0|115.2|5|0|false|false|english|none|normal|false|false|false||1685516699000
6476f0a40170c3dfdc086764||27.41|79.71|28.45|40.68|53,1,0,0|quote|5453|0|0|23.2|0|0|false|false|english|none|normal|false|false|false||1685516452000
6476f0820170c3dfdc053464||33.09|80.82|39.45|56.49|52,4,0,2|quote|2986|0|2|18.86|0|32.35|false|false|english|none|normal|false|false|false||1685516418000
646a63cbc7b2e74af097af81||24.56|80.72|43.73|52.91|41,4,0,3|quote|4499|0|0|20.03|0|0|false|false|english|none|normal|false|false|false||1684693963000
646a6394c7b2e74af097adb4||42.64|86.67|42.64|59.82|62,0,0,0|quote|6749|0|0|17.45|0|0|false|false|english|none|normal|false|false|false||1684693908000
646a637cc7b2e74af097acf2||41.07|88|41.07|60.66|64,0,0,0|quote|5395|0|0|18.7|0|0|false|false|english|none|normal|false|false|false||1684693884000
646a6328c7b2e74af0948218||45.51|95.24|45.51|62.55|60,0,0,0|quote|5041|0|0|15.82|0|0|false|false|english|none|normal|false|false|false||1684693800000
646a492cc7b2e74af06446d4||38.16|86.6|42.06|53.41|235,8,0,3|quote|255|1|0|73.89|1|0|false|false|english|none|normal|false|false|false||1684687148000
646a483cc7b2e74af0643fa9||48.09|89.33|51.1|63.36|64,0,1,0|quote|6|0|0|15.97|0|0|false|false|english|none|normal|false|false|false||1684686908000
646a47ebc7b2e74af0643d31||42.01|86.3|42.01|72.14|62,0,0,0|quote|5776|0|0|17.71|0|0|false|false|english|none|normal|false|false|false||1684686827000
646a47ccc7b2e74af0643c33||47.07|87.84|51.06|56.88|59,1,0,0|quote|1|0|0|15.04|0|0|false|false|english|none|normal|false|false|false||1684686796000
646a47b1c7b2e74af0643b62||46.71|89.74|46.71|56.53|68,0,0,0|quote|6208|0|0|17.47|0|0|false|false|english|none|normal|false|false|false||1684686769000
646a4764c7b2e74af06438fd||36.84|89.29|39.68|46.25|65,0,0,1|quote|6428|0|0|21.17|0|0|false|false|english|none|normal|false|false|false||1684686692000
646a4747c7b2e74af06437fc||43.1|93.94|46.07|56.86|58,0,0,1|quote|6302|0|0|16.15|0|0|false|false|english|none|normal|false|false|false||1684686663000
646a472ac7b2e74af0643718||47.43|92.31|51.68|61.39|67,1,0,0|quote|483|0|1|16.95|0|2.32|false|false|english|none|normal|false|false|false||1684686634000
646a45a5c7b2e74af05dd921||30.31|83.58|44.74|52.38|42,3,0,2|quote|5196|0|0|16.63|0|0|false|false|english|none|normal|false|false|false||1684686245000
646a4565c7b2e74af05dd70a||42.7|90.32|66.19|76.75|20,2,0,0|quote|5098|0|0|5.62|0|0|false|false|english|none|normal|false|false|false||1684686181000
646a4507c7b2e74af05dd43a||40.59|85.71|41.91|53.77|92,0,0,1|quote|1080|0|0|27.2|0|0|false|false|english|none|normal|false|false|false||1684686087000
646a44e5c7b2e74af05dd30e||44.95|87.88|44.95|57.89|56,0,0,0|quote|5257|0|0|14.95|0|0|false|false|english|none|normal|false|false|false||1684686053000
646a44d0c7b2e74af05dd25d||33.75|84.21|44.99|55.4|66,5,1,1|quote|5447|0|0|23.47|0|0|false|false|english|none|normal|false|false|false||1684686032000
6464bc324f80bd8a6a461d89||40.6|86.5|47.53|55.58|287,13,0,5|quote|379|2|0|84.83|0|0|false|false|english|none|normal|false|false|false||1684323378000
6464bbc205ef8bc6bcf8dc46||59.81|89.29|67.29|73|48,3,0,0|quote|5348|0|0|9.63|0|0|false|false|english|none|normal|false|false|false||1684323266000
6464bbb505ef8bc6bcf8dbdb||47.51|83.02|55.25|67.92|43,6,0,1|quote|5586|0|0|10.86|0|0|false|false|english|none|normal|false|false|false||1684323253000
6464bba305ef8bc6bcf8db5e||25.86|79.07|39.58|53.59|49,6,0,0|quote|536|0|0|22.74|0|0|false|false|english|none|normal|false|false|false||1684323235000
6463850d6d0f2738e3490da7||36.82|84.62|43.34|55.8|288,16,2,4|quote|379|2|0|93.86|2|0|false|false|english|none|normal|false|false|false||1684243725000
646384a76d0f2738e349082f||34.48|80|44.33|49.28|35,3,0,2|quote|1154|0|0|12.18|0|0|false|false|english|none|normal|false|false|false||1684243623000
646383426d0f2738e348f662||37.9|88.78|41.69|49.5|80,1,0,0|quote|622|0|0|25.33|0|0|false|false|english|none|normal|false|false|false||1684243266000
6454be3e8723e138c4f96f30||38.29|78.41|43|65.77|65,3,0,1|quote|5231|0|0|20.37|0|0|false|false|english|none|normal|false|false|false||1683275326000
6454be258723e138c4f96e63||28.07|76.54|47.4|35.54|45,9,2,0|quote|5742|0|0|19.24|0|0|false|false|english|none|normal|false|false|false||1683275301000
6454be0a8723e138c4f96dae||35.22|76.92|55.43|67.11|54,10,0,1|quote|5694|0|0|18.4|0|0|false|false|english|none|normal|false|false|false||1683275274000
64414771fe172b1e1961b341||32.76|78.89|32.76|44.25|71,0,0,0|quote|5848|0|0|26.01|1|0|false|false|english|none|normal|false|false|false||1681999729000
6440fdfc003d9906084e5bdd||35.89|88.41|37.39|54.72|454,6,0,3|quote|5923|2|1|151.81|0|32.08|false|false|english|none|normal|false|false|false||1681980924000
6440f97f003d990608482da9||37.5|88.43|42.68|48.33|297,9,2,5|quote|379|2|1|95.03|4|4.05|false|false|english|none|normal|false|false|false||1681979775000
6440f8f1003d9906084829ac||50.74|90.36|50.74|58.43|74,0,0,0|quote|5231|0|0|17.5|0|0|false|false|english|none|normal|false|false|false||1681979633000
6440f8d9003d9906084828ee||41.19|85.71|52.07|63.98|53,4,0,1|quote|1464|0|1|15.44|0|6.7|false|false|english|none|normal|false|false|false||1681979609000
6440f8ba003d990608482805||48.93|91.84|56.09|52.69|82,1,0,2|quote|1080|0|0|20.11|0|0|false|false|english|none|normal|false|false|false||1681979578000
642d8dcb6ea27ff0b9ca601c||49.51|93.27|49.51|63.12|96,0,0,0|quote|1080|0|0|23.27|0|0|false|false|english|none|normal|false|false|false||1680707019000
642d8d9c6ea27ff0b9ca5d9e||43.48|82.93|55.8|61.66|60,5,1,0|quote|16|0|0|16.56|0|0|false|false|english|none|normal|false|false|false||1680706972000
642d8d086ea27ff0b9ca55a5||53.92|95.18|58.29|56.8|74,1,0,0|quote|5085|0|0|16.47|0|0|false|false|english|none|normal|false|false|false||1680706824000
642d8cf16ea27ff0b9c75a98||54.42|88.24|61.92|66.37|58,4,0,1|quote|13|0|0|12.79|0|0|false|false|english|none|normal|false|false|false||1680706801000
642d8cdd6ea27ff0b9c45e93||49.44|92.47|51.79|57.89|84,2,0,0|quote|1531|0|0|20.39|0|0|false|false|english|none|normal|false|false|false||1680706781000
642d8cbf6ea27ff0b9c45d06||31.87|90.48|39.83|44.38|32,2,0,1|quote|5024|0|0|12.05|0|0|false|false|english|none|normal|false|false|false||1680706751000
642d8cab6ea27ff0b9c45c06||65.64|96.55|68.85|79.81|82,1,0,0|quote|5694|0|0|14.99|0|0|false|false|english|none|normal|false|false|false||1680706731000
642d8c976ea27ff0b9c45b0c||17.92|77.42|35.84|42.66|29,6,1,0|quote|5444|0|0|19.42|3|0|false|false|english|none|normal|false|false|false||1680706711000
6415b48efe979dd89a758511||48.31|91.36|48.31|52.64|74,0,0,0|quote|5231|0|0|18.38|0|0|false|false|english|none|normal|false|false|false||1679144078000
6415b477fe979dd89a75846f||41.9|88.89|45.66|55.41|89,2,0,0|quote|5826|0|0|25.49|0|0|false|false|english|none|normal|false|false|false||1679144055000
6415b458fe979dd89a758386||48.62|92.59|48.62|56.92|50,0,0,0|quote|5212|0|0|12.34|0|0|false|false|english|none|normal|false|false|false||1679144024000
6415b43cfe979dd89a7582b2||31.98|84.62|33.75|51.53|72,3,0,1|quote|5796|0|0|27.02|1|0|false|false|english|none|normal|false|false|false||1679143996000
6408a20486f614273339bb89||34.35|85.92|34.35|52.85|57,0,0,0|quote|5444|0|0|19.91|0|0|false|false|english|none|normal|false|false|false||1678287364000
6408a1e986f614273339ba1a||34.2|83.67|37.75|63.79|77,1,1,1|quote|2946|0|0|27.02|0|0|false|false|english|none|normal|false|false|false||1678287337000
6408a1c486f614273339b82f||42.8|88.71|42.8|64.82|54,0,0,0|quote|999|0|0|15.14|0|0|false|false|english|none|normal|false|false|false||1678287300000
6408a1ae86f614273339b712||35.91|90.79|42.49|56.17|60,3,0,0|quote|5848|0|0|20.05|0|0|false|false|english|none|normal|false|false|false||1678287278000
6404ae6f5027fd0b051de51f||32.97|84.44|37.68|44.89|35,3,0,1|quote|5024|0|0|12.74|0|0|false|false|english|none|normal|false|false|false||1678028399000
6404ae5b5027fd0b051b0a45||41.52|87.88|47.11|59.03|52,2,0,0|quote|11|0|0|15.03|0|0|false|false|english|none|normal|false|false|false||1678028379000
6404ae425027fd0b051b0969||32.73|82.93|34.71|58.21|66,1,0,0|quote|3554|0|0|24.2|0|0|false|false|english|none|normal|false|false|false||1678028354000
6404ae1d5027fd0b051b083b||33.5|86.52|43.22|56.06|62,3,0,1|quote|5039|0|0|22.21|0|0|false|false|english|none|normal|false|false|false||1678028317000
6404ae015027fd0b051b0753||39.17|89.02|39.17|57.61|71,0,0,0|quote|6657|0|0|21.75|0|0|false|false|english|none|normal|false|false|false||1678028289000
6404ade35027fd0b051b0645||39.68|90.53|41.59|47.59|83,1,0,1|quote|1531|0|0|25.1|0|0|false|false|english|none|normal|false|false|false||1678028259000
6404adc05027fd0b051b050d||35.1|82.42|35.1|61.27|73,0,0,0|quote|5775|0|0|24.96|0|0|false|false|english|none|normal|false|false|false||1678028224000
6404ad685027fd0b051b021f||44.28|89.91|44.28|56.62|97,0,0,0|quote|5826|0|0|26.29|0|0|false|false|english|none|normal|false|false|false||1678028136000
6404ad195027fd0b051aff9f||36.33|84.51|39.51|46.31|57,1,0,0|quote|6126|0|0|18.83|0|0|false|false|english|none|normal|false|false|false||1678028057000
6404acfb5027fd0b051afeac||31.47|78.75|36.8|57.2|59,5,0,4|quote|4369|0|0|22.5|0|0|false|false|english|none|normal|false|false|false||1678028027000
6404ace15027fd0b051afdbb||34.33|82.61|39.8|42.89|69,3,0,0|quote|305|0|0|24.12|0|0|false|false|english|none|normal|false|false|false||1678028001000
6404acc45027fd0b051afcac||48.47|94.92|62.48|56.53|45,0,0,2|quote|5861|0|0|11.14|0|0|false|false|english|none|normal|false|false|false||1678027972000
6404acb05027fd0b051afc02||37.44|85.71|45.71|59.69|77,2,0,2|quote|288|0|0|24.68|0|0|false|false|english|none|normal|false|false|false||1678027952000
6404ac915027fd0b051afae1||26.27|81.97|43.5|70.02|32,0,0,4|quote|5596|0|0|14.62|0|0|false|false|english|none|normal|false|false|false||1678027921000
6404ac7a5027fd0b051afa20||37.98|80.6|46.51|59.34|49,4,0,0|quote|1409|0|0|15.48|0|0|false|false|english|none|normal|false|false|false||1678027898000
6404ac5d5027fd0b051af91b||36.67|85.57|40.48|55.72|77,1,0,0|quote|5207|0|0|25.2|0|0|false|false|english|none|normal|false|false|false||1678027869000
6404ac395027fd0b051af7e8||35.41|84.15|37.59|55.64|65,1,0,0|quote|2465|0|0|22.03|0|0|false|false|english|none|normal|false|false|false||1678027833000
6404ac195027fd0b051af6e9||26.01|76.39|27.98|30.68|53,1,0,0|quote|5444|0|0|24.45|0|0|false|false|english|none|normal|false|false|false||1678027801000
6404abfe5027fd0b051af5e6||40.08|85.71|51.93|49.58|71,5,0,2|quote|6103|0|0|21.26|0|0|false|false|english|none|normal|false|false|false||1678027774000
6404abdb5027fd0b051af4b7||36.69|85.45|49.59|63.92|37,1,0,1|quote|5586|0|0|12.1|0|0|false|false|english|none|normal|false|false|false||1678027739000
6404abc85027fd0b051af40f||34.87|86.96|34.87|47.52|79,0,0,0|quote|6532|0|0|27.19|0|0|false|false|english|none|normal|false|false|false||1678027720000
6404aba15027fd0b051af2d5||53.73|97.1|58|66.52|63,0,0,1|quote|5446|0|0|14.07|0|0|false|false|english|none|normal|false|false|false||1678027681000
6404ab8c5027fd0b051af220||31.12|83.12|33.76|51.52|59,0,0,1|quote|5649|0|0|22.75|0|0|false|false|english|none|normal|false|false|false||1678027660000
6404ab715027fd0b051af146||43.58|89.39|48.25|68.08|56,1,0,1|quote|3985|0|0|15.42|0|0|false|false|english|none|normal|false|false|false||1678027633000
6404ab5c5027fd0b051af091||39.12|83.95|39.12|51.8|68,0,0,0|quote|5638|0|0|20.86|0|0|false|false|english|none|normal|false|false|false||1678027612000
6404ab445027fd0b051aefd8||41.27|88.89|41.27|55.35|78,0,0,0|quote|5816|0|0|22.68|0|0|false|false|english|none|normal|false|false|false||1678027588000
6404ab265027fd0b051aeee4||37.8|84.62|37.8|51.82|63,0,0,0|quote|6302|0|0|20|1|0|false|false|english|none|normal|false|false|false||1678027558000
6404ab105027fd0b051aee2b||43.62|89.74|43.62|49.57|67,0,0,0|quote|6068|0|0|18.43|0|0|false|false|english|none|normal|false|false|false||1678027536000
6404aaf05027fd0b051aed3f||30.98|85.98|36.61|46.44|77,0,0,2|quote|62|0|0|29.83|0|0|false|false|english|none|normal|false|false|false||1678027504000
6404aac45027fd0b051538a5||43.93|92.59|43.93|57.57|98,0,0,0|quote|4721|0|0|26.77|0|0|false|false|english|none|normal|false|false|false||1678027460000
6404aaa25027fd0b05153788||40.46|87.93|53.29|60.11|41,0,1,2|quote|897|0|0|12.16|0|0|false|false|english|none|normal|false|false|false||1678027426000
6404aa8e5027fd0b051536ea||30.24|77.5|40.32|62.35|51,4,0,1|quote|5723|0|0|20.24|0|0|false|false|english|none|normal|false|false|false||1678027406000
6404aa755027fd0b051535ff||36.07|80.85|43.5|54.2|68,4,2,0|quote|6552|0|0|22.62|0|0|false|false|english|none|normal|false|false|false||1678027381000
6404aa575027fd0b05153505||53.7|98.11|58.08|75.65|49,0,0,1|quote|5348|0|0|10.95|0|0|false|false|english|none|normal|false|false|false||1678027351000
6404aa3b5027fd0b05153421||34.11|79.35|40.4|64.08|65,5,0,7|quote|35|0|0|22.87|0|0|false|false|english|none|normal|false|false|false||1678027323000
6404aa215027fd0b0515334f||35.13|87.88|35.13|64.03|57,0,0,0|quote|5589|0|0|19.47|0|0|false|false|english|none|normal|false|false|false||1678027297000
6404aa0a5027fd0b05153293||40.85|84.93|40.85|52.78|61,0,0,0|quote|3533|0|0|17.92|0|0|false|false|english|none|normal|false|false|false||1678027274000
6404a9f25027fd0b051531d8||37.19|85|46.49|56.06|56,1,0,1|quote|6428|0|0|18.07|0|0|false|false|english|none|normal|false|false|false||1678027250000
6404a9a75027fd0b05152f73||26.57|83.02|40.29|61.15|31,0,0,3|quote|5212|0|0|14|1|0|false|false|english|none|normal|false|false|false||1678027175000
6404a9925027fd0b05152ed8||48.24|90.32|49.41|60.86|82,0,0,1|quote|3362|0|0|20.4|0|0|false|false|english|none|normal|false|false|false||1678027154000
6404a9345027fd0b05152c02||58.39|93.06|58.39|64.99|67,0,0,0|quote|13|0|0|13.77|0|0|false|false|english|none|normal|false|false|false||1678027060000
6404a91b5027fd0b05152b2e||55.62|94.83|58.71|79.19|54,2,0,3|quote|54|0|0|11.65|0|0|false|false|english|none|normal|false|false|false||1678027035000
6404a9045027fd0b05152a60||34.94|87.37|38.5|56.25|157,3,0,1|quote|321|1|0|53.92|0|0|false|false|english|none|normal|false|false|false||1678027012000
6404a8805027fd0b051525fa||53.17|94.87|53.17|63.84|74,0,0,0|quote|5231|0|0|16.7|0|0|false|false|english|none|normal|false|false|false||1678026880000
6404a85a5027fd0b051524be||67.72|93.1|78.56|70.34|25,1,0,0|quote|5398|0|0|4.43|0|0|false|false|english|none|normal|false|false|false||1678026842000
6404a8545027fd0b05152487||33.47|83.87|48.54|56.4|20,3,0,0|quote|5398|0|0|7.17|0|0|false|false|english|none|normal|false|false|false||1678026836000
6404a8205027fd0b051522ca||43.45|84.52|49.47|66.01|65,3,0,2|quote|16|0|0|17.95|0|0|false|false|english|none|normal|false|false|false||1678026784000
6404a80b5027fd0b051521fb||43.86|88.89|54.99|62.6|67,3,0,2|quote|5694|0|0|18.33|0|0|false|false|english|none|normal|false|false|false||1678026763000
6404a7ef5027fd0b0515211a||27.56|83.13|36.75|61.8|54,3,0,1|quote|6477|0|0|23.51|0|0|false|false|english|none|normal|false|false|false||1678026735000
6404a7bd5027fd0b05151f69||26.43|79.75|46.92|47.08|40,5,2,1|quote|6652|0|0|18.16|0|0|false|false|english|none|normal|false|false|false||1678026685000
6404a76b5027fd0b05151ca4||36.52|84.75|36.52|54.64|49,0,0,0|quote|5668|0|0|16.1|0|0|false|false|english|none|normal|false|false|false||1678026603000
6404a75a5027fd0b051242f2||32.42|77.91|32.42|50.71|65,0,0,0|quote|23|0|0|24.06|0|0|false|false|english|none|normal|false|false|false||1678026586000
6404a73a5027fd0b050f67b0||31.71|80.21|39.39|62.51|62,1,0,3|quote|5085|0|0|23.46|0|0|false|false|english|none|normal|false|false|false||1678026554000
6404a71e5027fd0b050f66ce||45.05|85.53|48.74|54.59|61,1,0,0|quote|5173|0|0|16.25|0|0|false|false|english|none|normal|false|false|false||1678026526000
6404a7085027fd0b050f660d||31.03|81.71|34.48|42.73|63,3,1,1|quote|5093|0|0|24.36|0|0|false|false|english|none|normal|false|false|false||1678026504000
6404a6eb5027fd0b050f651c||37.09|80.77|55.63|63.66|48,5,0,2|quote|5742|0|0|15.53|0|0|false|false|english|none|normal|false|false|false||1678026475000
6404a26d5027fd0b05098c1f||42.12|88.64|46.27|59.27|71,0,0,2|quote|3780|0|0|20.23|0|0|false|false|english|none|normal|false|false|false||1678025325000
6404a2525027fd0b05098b5c||33.32|78.38|33.32|39.94|56,0,0,0|quote|1621|0|0|20.17|0|0|false|false|english|none|normal|false|false|false||1678025298000
6404a23a5027fd0b05098a98||55.62|93.18|55.62|62.68|82,0,0,0|quote|59|0|0|17.69|0|0|false|false|english|none|normal|false|false|false||1678025274000
6404a2245027fd0b050989ed||27.05|77.68|37.24|51.7|69,5,1,2|quote|1220|0|0|30.61|0|0|false|false|english|none|normal|false|false|false||1678025252000
6404a2015027fd0b050988c9||47.73|93.18|49.57|51.14|78,0,0,1|quote|59|0|0|19.61|0|0|false|false|english|none|normal|false|false|false||1678025217000
64049c395027fd0b05fdf2a6||39.71|83.19|41.45|58.55|91,0,0,1|quote|1080|0|0|27.5|0|0|false|false|english|none|normal|false|false|false||1678023737000
64049c145027fd0b05fdf180||49.93|93.62|49.93|64.56|86,0,0,0|quote|5694|0|0|20.67|0|0|false|false|english|none|normal|false|false|false||1678023700000
64049bbe5027fd0b05fdee78||64.2|97.18|64.2|76.24|68,0,0,0|quote|6208|0|0|12.71|0|0|false|false|english|none|normal|false|false|false||1678023614000
64049bab5027fd0b05fdedd3||32.82|79|43.59|66.82|67,6,0,3|quote|602|0|0|24.5|0|0|false|false|english|none|normal|false|false|false||1678023595000
64049b5b5027fd0b05fdeb04||62.54|97.56|62.54|58.71|80,0,0,0|quote|5085|0|0|15.35|0|0|false|false|english|none|normal|false|false|false||1678023515000
64049b445027fd0b05fdea3b||33.01|84.72|35.91|51.48|57,1,0,0|quote|6749|0|0|20.72|0|0|false|false|english|none|normal|false|false|false||1678023492000
64049b2b5027fd0b05fde956||44.32|92.86|44.32|52.28|78,0,0,0|quote|6579|0|0|21.12|0|0|false|false|english|none|normal|false|false|false||1678023467000
64049af75027fd0b05fde78b||44.06|90.91|55.81|59.87|60,3,0,1|quote|5283|0|0|16.34|0|0|false|false|english|none|normal|false|false|false||1678023415000
640370925027fd0b0511f74c||40.96|84.38|40.96|63.93|80,0,0,0|quote|3780|0|0|23.44|0|0|false|false|english|none|normal|false|false|false||1677947026000
640370385027fd0b0511f450||36.63|90|36.63|43.98|70,0,0,0|quote|5093|0|0|22.93|0|0|false|false|english|none|normal|false|false|false||1677946936000
64036ff25027fd0b0511f1f3||38.4|87.04|45.52|59.58|81,4,0,2|quote|6698|0|0|25.31|0|0|false|false|english|none|normal|false|false|false||1677946866000
64036fd25027fd0b0511f0dd||28.56|77.42|33.63|47.54|62,4,0,0|quote|6477|0|0|26.05|0|0|false|false|english|none|normal|false|false|false||1677946834000
64036f815027fd0b0511ee3b||32.69|84.3|34.18|50.01|88,1,0,0|quote|602|0|0|32.3|0|0|false|false|english|none|normal|false|false|false||1677946753000
64036f425027fd0b0511ec47||49.54|93.81|49.54|65.6|90,0,0,0|quote|6680|0|0|21.8|0|0|false|false|english|none|normal|false|false|false||1677946690000
64036f275027fd0b0511eb81||40.87|80|49.18|62.29|64,4,3,0|quote|5742|0|0|18.79|0|0|false|false|english|none|normal|false|false|false||1677946663000
64036ed35027fd0b0511e8b8||57.36|93.33|66.46|67.98|63,2,0,1|quote|5742|0|0|13.18|0|0|false|false|english|none|normal|false|false|false||1677946579000
64036d6c5027fd0b050c2bf0||32.21|79.17|36.63|63.76|51,3,0,0|quote|3264|0|0|19|1|0|false|false|english|none|normal|false|false|false||1677946220000
64036d4e5027fd0b050c2afd||47.59|91.01|51.4|60.64|75,1,0,0|quote|119|0|0|18.91|0|0|false|false|english|none|normal|false|false|false||1677946190000
64036d375027fd0b050c2a55||30.13|84.62|43.05|50.95|56,2,0,1|quote|119|0|0|22.3|0|0|false|false|english|none|normal|false|false|false||1677946167000
64036c865027fd0b050c24d0||47.39|92.21|47.39|62.8|68,0,0,0|quote|6208|0|0|17.22|0|0|false|false|english|none|normal|false|false|false||1677945990000
64036c6b5027fd0b050c23ea||34.82|82.41|34.82|54.02|88,0,0,0|quote|622|0|0|30.33|0|0|false|false|english|none|normal|false|false|false||1677945963000
64036bb45027fd0b050c1e76||46.52|93.67|46.52|64.68|74,0,0,0|quote|4506|0|0|19.09|0|0|false|false|english|none|normal|false|false|false||1677945780000
64036b885027fd0b050c1d00||25.99|83.96|29.8|43.8|75,1,0,2|quote|5447|0|0|34.63|1|0|false|false|english|none|normal|false|false|false||1677945736000
64036b025027fd0b050c18eb||28.75|79.75|31.36|45.34|55,2,0,0|quote|12|0|0|22.96|0|0|false|false|english|none|normal|false|false|false||1677945602000
64036ae55027fd0b05066665||33.05|77.33|33.05|40.74|56,0,0,0|quote|1621|0|0|20.33|0|0|false|false|english|none|normal|false|false|false||1677945573000
64036acc5027fd0b0506659b||46.03|92.31|48.69|63.93|69,1,0,0|quote|6427|0|0|17.99|0|0|false|false|english|none|normal|false|false|false||1677945548000
64036ab65027fd0b050664ee||51.06|90.43|51.06|69.58|84,0,0,0|quote|1115|0|0|19.74|0|0|false|false|english|none|normal|false|false|false||1677945526000
64036a415027fd0b0506614a||47.87|90.48|50.53|49.11|72,1,0,0|quote|16|0|0|18.05|0|0|false|false|english|none|normal|false|false|false||1677945409000
64036a2c5027fd0b05066093||36.73|81.58|46.26|57.14|54,5,0,2|quote|6652|0|0|17.64|0|0|false|false|english|none|normal|false|false|false||1677945388000
640369d55027fd0b05065db9||34.44|75|41.85|53.08|65,1,0,3|quote|59|0|0|22.65|0|0|false|false|english|none|normal|false|false|false||1677945301000
640369b95027fd0b05065ce7||75.65|96.67|75.65|84.66|29,0,0,0|quote|5398|0|0|4.6|0|0|false|false|english|none|normal|false|false|false||1677945273000
64035fce5027fd0b05f4f878||70.59|93.1|78.73|70.34|26,1,0,0|quote|5398|0|0|4.42|0|0|false|false|english|none|normal|false|false|false||1677942734000
64035fc75027fd0b05f4f83d||28.9|82.35|37.7|54.64|23,1,1,0|quote|5398|0|0|9.55|0|0|false|false|english|none|normal|false|false|false||1677942727000
64035fbb5027fd0b05f4f7d1||42.19|90.38|46.02|56.19|88,1,0,0|quote|1220|0|0|25.03|0|0|false|false|english|none|normal|false|false|false||1677942715000
64035f9b5027fd0b05f4f6cf||55.72|95.45|55.72|61.72|82,0,0,0|quote|59|0|0|17.66|0|0|false|false|english|none|normal|false|false|false||1677942683000
64035e225027fd0b05f4eb50||43.57|88.79|47.58|60.65|87,1,0,1|quote|1080|0|0|23.96|0|0|false|false|english|none|normal|false|false|false||1677942306000
640357105027fd0b05e94c56||43.28|89.66|48.69|57.38|48,1,0,2|quote|5257|0|0|13.31|0|0|false|false|english|none|normal|false|false|false||1677940496000
640356715027fd0b05e94753||41.74|90|41.74|46.07|68,0,0,0|quote|1464|0|0|19.55|0|0|false|false|english|none|normal|false|false|false||1677940337000
6403565b5027fd0b05e9469d||33.25|84.91|46.56|72.67|35,2,0,0|quote|5668|0|0|12.63|0|0|false|false|english|none|normal|false|false|false||1677940315000
6403561e5027fd0b05e944ec||43.04|91.67|44.35|50.49|66,1,0,0|quote|5404|0|0|18.4|0|0|false|false|english|none|normal|false|false|false||1677940254000
640356045027fd0b05e9442c||48.76|90.91|48.76|52.59|80,0,0,0|quote|5085|0|0|19.69|0|0|false|false|english|none|normal|false|false|false||1677940228000
640355ec5027fd0b05e94371||58.33|94.44|61.9|57.97|49,1,0,1|quote|5192|0|0|10.08|0|0|false|false|english|none|normal|false|false|false||1677940204000
640354f15027fd0b05e389d8||38.34|86.24|40.89|44.05|90,2,0,0|quote|1080|0|0|28.17|0|0|false|false|english|none|normal|false|false|false||1677939953000
64032af15027fd0b059e0756||50.14|90.59|52.12|55.13|76,2,0,1|quote|5085|0|0|18.19|0|0|false|false|english|none|normal|false|false|false||1677929201000
64032a9f5027fd0b059e051d||33.37|75|51.08|63.67|49,5,1,2|quote|16|0|0|17.62|0|0|false|false|english|none|normal|false|false|false||1677929119000
640328025027fd0b059841de||41.79|91.67|44.15|43.29|53,0,0,1|quote|5444|0|0|15.22|0|0|false|false|english|none|normal|false|false|false||1677928450000
64030ef95027fd0b056fc0cd||48.28|90|50.62|72.15|62,2,0,1|quote|121|0|0|15.41|0|0|false|false|english|none|normal|false|false|false||1677922041000
6401d42d5027fd0b056ad567||32.84|75.47|46.08|56.16|67,11,1,3|quote|1220|0|0|24.48|0|0|false|false|english|none|normal|false|false|false||1677841453000
6401a38c5027fd0b0519e2e9||5.75|75|9.05|0|47,9,0,3|quote|3419|0|0|98.1|73|0|false|false|english|none|normal|false|false|false||1677829004000
640112ae5027fd0b052ccfd7||37.07|85.26|37.07|56.71|81,0,0,0|quote|5787|0|0|26.22|0|0|false|false|english|none|normal|false|false|false||1677791918000
6401128d5027fd0b052ccec5||43.83|89.29|43.83|58.06|97,0,0,0|quote|5826|0|0|26.56|0|0|false|false|english|none|normal|false|false|false||1677791885000
640112495027fd0b052ccc55||34.14|90.59|38.1|46.89|69,0,0,1|quote|5482|0|1|24.25|0|4.7|false|false|english|none|normal|false|false|false||1677791817000
640111635027fd0b05271670||38.24|88.89|38.24|58.91|94,0,0,0|quote|4915|0|0|29.5|0|0|false|false|english|none|normal|false|false|false||1677791587000
6401110b5027fd0b05271363||35.44|88.39|37.39|50.93|91,1,0,0|quote|4351|0|0|30.81|0|0|false|false|english|none|normal|false|false|false||1677791499000
6401104f5027fd0b05270c65||29.18|78.26|30.9|53.43|68,1,0,1|quote|5537|0|0|27.96|0|0|false|false|english|none|normal|false|false|false||1677791311000
64010fc75027fd0b05270794||38.26|79.59|44.64|62|36,3,0,1|words|10|-1|0|11.29|0|0|false|false|english|none|normal|false|false|false||1677791175000
64010fb95027fd0b05270704||27.59|80.36|38.31|54.3|36,4,0,2|words|10|-1|0|15.66|0|0|false|false|english|none|normal|false|false|false||1677791161000
64010f9f5027fd0b05270621||47.77|92.54|51.82|71.11|59,1,0,1|quote|23|0|0|14.82|0|0|false|false|english|none|normal|false|false|false||1677791135000
64010f625027fd0b052703f4||31.9|80.88|37.64|44.28|50,2,0,2|quote|5632|0|0|18.81|1|0|false|false|english|none|normal|false|false|false||1677791074000
64010e665027fd0b0526fadb||42.33|88.64|47.04|62.74|72,2,0,0|quote|5085|0|0|20.41|0|0|false|false|english|none|normal|false|false|false||1677790822000
640108d85027fd0b051b6a31||39.68|87.67|53.97|52.33|50,3,0,0|quote|77|0|0|15.12|0|0|false|false|english|none|normal|false|false|false||1677789400000
6401088d5027fd0b051b671d||50|91.94|50|60.25|56,0,0,0|quote|5257|0|0|13.44|0|0|false|false|english|none|normal|false|false|false||1677789325000
640108775027fd0b051b6637||42.29|76.67|58.78|68.84|59,7,2,0|quote|5085|0|0|16.74|0|0|false|false|english|none|normal|false|false|false||1677789303000
640108405027fd0b051b6402||57.91|92.5|71.27|66|65,4,0,0|quote|5085|0|0|13.47|0|0|false|false|english|none|normal|false|false|false||1677789248000
640108275027fd0b051b62f0||33.23|78.08|42.17|37.69|52,6,0,2|quote|1464|0|0|18.78|0|0|false|false|english|none|normal|false|false|false||1677789223000
6400ecbd5027fd0b05eca098||73.26|96.67|73.26|71.02|29,0,0,0|quote|5398|0|0|4.75|0|0|false|false|english|none|normal|false|false|false||1677782205000
6400ecb25027fd0b05eca000||27.8|77.33|46.99|57.74|42,6,2,1|quote|6652|0|0|18.13|0|0|false|false|english|none|normal|false|false|false||1677782194000
6400ec9d5027fd0b05ec9ef1||36.48|84.42|44.8|69.97|57,4,0,0|quote|6652|0|0|18.75|0|0|false|false|english|none|normal|false|false|false||1677782173000
6400eba35027fd0b05ec92dd||33.1|76.47|46.94|62.49|55,9,0,2|quote|5085|0|0|19.94|0|0|false|false|english|none|normal|false|false|false||1677781923000
6400eb8a5027fd0b05ec91a7||43.85|90.11|47.41|66.35|74,1,0,0|quote|5085|0|1|20.25|0|5.58|false|false|english|none|normal|false|false|false||1677781898000
6400eb655027fd0b05ec8fda||36.47|92|44.38|53.8|60,2,0,1|quote|5231|0|0|19.74|0|0|false|false|english|none|normal|false|false|false||1677781861000
6400eb4c5027fd0b05ec8e9f||57.46|97.14|57.46|63.59|68,0,0,0|quote|1464|0|0|14.2|0|0|false|false|english|none|normal|false|false|false||1677781836000
6400eb335027fd0b05ec8d6c||39.88|87.84|46.18|61.23|57,1,0,0|quote|5173|0|0|17.15|0|0|false|false|english|none|normal|false|false|false||1677781811000
6400eb025027fd0b05e6ddc1||29.07|77.38|39.84|54.66|54,6,1,1|quote|5231|0|0|22.29|0|0|false|false|english|none|normal|false|false|false||1677781762000
6400eae65027fd0b05e6dc73||37.7|83.93|46.67|71.65|42,3,0,1|quote|5192|0|0|13.37|0|0|false|false|english|none|normal|false|false|false||1677781734000
6400ead35027fd0b05e6db9b||41.42|89.53|48.33|52.36|66,1,0,1|quote|2913|0|0|19.12|0|0|false|false|english|none|normal|false|false|false||1677781715000
6400eaac5027fd0b05e6d9d4||32.89|81.05|45.62|55.82|62,5,1,1|quote|5694|0|0|22.62|0|0|false|false|english|none|normal|false|false|false||1677781676000
6400ea8b5027fd0b05e6d82e||50.95|96.1|50.95|60.44|74,0,0,0|quote|5231|0|0|17.43|0|0|false|false|english|none|normal|false|false|false||1677781643000
64008fca5027fd0b05544bfc||47.92|95.83|47.92|46.17|68,0,0,0|quote|1464|0|1|17.03|0|3.8|false|false|english|none|normal|false|false|false||1677758410000
64008fb05027fd0b054e9ea8||39.27|88.76|47.12|55.04|70,2,0,2|quote|5694|0|0|21.39|0|0|false|false|english|none|normal|false|false|false||1677758384000
64008f445027fd0b054e9b1a||35.18|84.04|44.78|48.98|66,2,0,2|quote|5694|0|0|22.51|0|0|false|false|english|none|normal|false|false|false||1677758276000
64008f295027fd0b054e9a48||32.7|80.95|39.81|55.3|46,3,0,0|quote|5257|0|1|16.88|0|4|false|false|english|none|normal|false|false|false||1677758249000
64008f0d5027fd0b054e9970||59.59|96.67|59.59|59.24|29,0,0,0|quote|5398|0|0|5.84|0|0|false|false|english|none|normal|false|false|false||1677758221000
64008efe5027fd0b054e98f2||39.31|80.72|48.67|45.11|63,7,0,2|quote|5085|0|0|19.23|0|0|false|false|english|none|normal|false|false|false||1677758206000
64008eb35027fd0b054e9672||41.9|85.25|46.09|53.87|50,4,0,1|quote|1621|0|0|14.32|0|0|false|false|english|none|normal|false|false|false||1677758131000
64008e9f5027fd0b054e95c6||50.49|94.92|50.49|58.75|56,0,0,0|quote|1621|0|0|13.31|0|0|false|false|english|none|normal|false|false|false||1677758111000
64008e8e5027fd0b054e953e||32.63|82.67|41.09|42.23|54,5,0,2|quote|6652|0|0|19.86|1|0|false|false|english|none|normal|false|false|false||1677758094000
64008e5f5027fd0b054e93c8||42|88.57|56.01|65.14|51,4,0,2|quote|6652|0|0|14.57|0|0|false|false|english|none|normal|false|false|false||1677758047000
64008d7f5027fd0b054e8d10||51.28|85.87|53.27|59.67|77,1,0,0|quote|5085|0|0|18.02|0|0|false|false|english|none|normal|false|false|false||1677757823000
64008d335027fd0b054e8ac4||30.03|79.75|40.23|45.99|53,6,0,1|quote|6263|0|0|21.18|1|0|false|false|english|none|normal|false|false|false||1677757747000
6400651f5027fd0b05094701||51.46|85.26|54.76|55.09|78,1,1,0|quote|59|0|0|18.19|0|0|false|false|english|none|normal|false|false|false||1677747487000
640064e75027fd0b05094541||53.17|92.86|66.26|76.98|65,1,0,1|quote|59|0|0|14.67|0|0|false|false|english|none|normal|false|false|false||1677747431000
640064d35027fd0b050944a6||35.97|85.88|51.01|62.77|55,3,0,4|quote|59|0|0|18.35|0|0|false|false|english|none|normal|false|false|false||1677747411000
640064b85027fd0b050943d2||40.27|81|43.49|70.75|75,0,0,1|quote|59|0|0|22.35|0|0|false|false|english|none|normal|false|false|false||1677747384000
6400649c5027fd0b050942ee||35.93|81.31|46.47|58.85|75,6,1,0|quote|1220|0|0|25.05|0|0|false|false|english|none|normal|false|false|false||1677747356000
640064145027fd0b05093e91||44.21|95.1|44.21|53.74|96,0,0,0|quote|1220|0|0|26.06|0|0|false|false|english|none|normal|false|false|false||1677747220000
640062565027fd0b05093128||46.6|90|47.9|52.5|72,1,0,0|quote|5231|0|0|18.54|0|0|false|false|english|none|normal|false|false|false||1677746774000
640062095027fd0b050658f7||36.43|85.19|42.04|57.18|65,3,1,0|quote|5231|0|0|21.41|0|0|false|false|english|none|normal|false|false|false||1677746697000
640061e95027fd0b05038146||35.28|82.72|42.44|58.81|64,6,1,0|quote|1316|0|0|21.77|0|0|false|false|english|none|normal|false|false|false||1677746665000
640061ab5027fd0b05037f75||43.91|85.07|55.74|60.93|52,5,1,1|quote|5173|0|0|14.21|0|0|false|false|english|none|normal|false|false|false||1677746603000
6400619a5027fd0b05037ef4||32.39|79.73|48.59|52.19|44,4,0,0|quote|5173|0|0|16.3|0|0|false|false|english|none|normal|false|false|false||1677746586000
64005d505027fd0b05fdb2df||47.81|92.86|53.48|61.77|59,1,0,0|quote|5173|0|0|14.81|0|0|false|false|english|none|normal|false|false|false||1677745488000
64005d3e5027fd0b05fdb240||36.95|83.33|53.01|59.03|46,4,0,0|quote|5173|0|0|14.94|0|0|false|false|english|none|normal|false|false|false||1677745470000
64005d1f5027fd0b05fdb177||35.06|82.76|58.1|69.87|35,5,2,0|quote|1621|0|0|11.98|0|0|false|false|english|none|normal|false|false|false||1677745439000
64005ce55027fd0b05fdafce||44.53|83.93|59|64.01|40,5,1,1|quote|5192|0|0|10.78|0|0|false|false|english|none|normal|false|false|false||1677745381000
64005cd75027fd0b05fdaf6c||42.39|85.71|51.47|60.18|42,1,0,2|quote|5192|0|0|11.89|0|0|false|false|english|none|normal|false|false|false||1677745367000
64005cc95027fd0b05fdaefd||48.31|84.75|61.48|63.9|44,2,3,0|quote|5192|0|0|10.93|0|0|false|false|english|none|normal|false|false|false||1677745353000
64005ca95027fd0b05fdae2b||48.4|88.68|57.2|61.2|44,4,0,1|quote|5192|0|0|10.91|0|0|false|false|english|none|normal|false|false|false||1677745321000
63ffb9835027fd0b05f3f7e2||32.88|75.79|42.12|56|64,6,3,1|quote|5085|0|0|23.36|0|0|false|false|english|none|normal|false|false|false||1677703555000
63ffb6675027fd0b05ee2c23||37.38|81.71|49.62|53.3|58,5,2,1|quote|16|0|0|18.62|1|0|false|false|english|none|normal|false|false|false||1677702759000
63ffb61a5027fd0b05ee295a||34.14|78.75|52.64|60.32|48,6,0,2|quote|16|0|0|16.87|0|0|false|false|english|none|normal|false|false|false||1677702682000
63ffb6045027fd0b05ee2881||40.25|80.77|50.67|45.26|58,7,0,3|quote|16|0|1|17.29|0|4.67|false|false|english|none|normal|false|false|false||1677702660000
63ffb59f5027fd0b05e878f9||51.06|93.48|69.09|81.2|34,1,0,1|quote|1154|0|0|7.99|0|0|false|false|english|none|normal|false|false|false||1677702559000
63ffb58d5027fd0b05e8781e||33.58|78.13|44.77|61.49|42,4,0,0|quote|5257|0|0|15.01|0|0|false|false|english|none|normal|false|false|false||1677702541000
63ffb5735027fd0b05e87719||37.23|91.94|45.77|52.77|48,0,0,2|quote|5632|0|0|15.47|1|0|false|false|english|none|normal|false|false|false||1677702515000
63ffb51e5027fd0b05e8739a||35.2|79.82|43.32|62.04|78,9,1,1|quote|1080|0|0|26.59|0|0|false|false|english|none|normal|false|false|false||1677702430000
63ffb5015027fd0b05e87241||33.67|83.49|42.97|52.34|76,3,1,0|quote|1080|0|0|27.09|0|0|false|false|english|none|normal|false|false|false||1677702401000
63ffb4ba5027fd0b05e86f30||30.64|78.08|49.88|72.83|43,9,2,0|quote|77|0|0|16.84|0|0|false|false|english|none|normal|false|false|false||1677702330000
63ffb4a75027fd0b05e86e5f||27.08|82.89|36.82|34.83|50,4,0,0|quote|77|0|0|22.16|0|0|false|false|english|none|normal|false|false|false||1677702311000
63ffb3855027fd0b05e8610a||44.83|82.76|53.28|51.35|69,8,2,0|quote|5085|0|0|18.47|0|0|false|false|english|none|normal|false|false|false||1677702021000
63ffb0ac5027fd0b05e294c2||34.87|85.71|38.84|65.02|44,1,0,0|quote|5668|0|0|15.14|0|0|false|false|english|none|normal|false|false|false||1677701292000
63ffb0965027fd0b05e293bc||25.71|76.04|36|60.34|60,7,0,4|quote|2049|0|0|28|1|0|false|false|english|none|normal|false|false|false||1677701270000
63ffb0405027fd0b05e28faa||42.74|94.52|42.74|57.35|68,0,0,0|quote|5404|0|0|19.09|0|0|false|false|english|none|normal|false|false|false||1677701184000
63ffb0265027fd0b05e28e6f||42.99|92.75|50.53|63.78|57,1,0,1|quote|1464|0|0|15.91|0|0|false|false|english|none|normal|false|false|false||1677701158000
63ffaf8d5027fd0b05e28745||26.98|79.27|35.98|64.49|51,4,1,0|quote|5258|0|0|22.68|0|0|false|false|english|none|normal|false|false|false||1677701005000
63ffaf495027fd0b05e283fd||55.17|93.75|63.45|73.18|40,0,0,1|quote|1154|0|0|8.7|0|0|false|false|english|none|normal|false|false|false||1677700937000
63ffaf3d5027fd0b05e28374||40.55|78.57|45.37|56.96|42,2,0,0|quote|1154|0|0|12.43|0|0|false|false|english|none|normal|false|false|false||1677700925000
63ffaf2c5027fd0b05e282d3||38.66|83.87|44.3|51.72|48,2,0,1|quote|5257|0|0|14.9|0|0|false|false|english|none|normal|false|false|false||1677700908000
63ffaf125027fd0b05e281a6||77.68|100|77.68|63.2|29,0,0,0|quote|5398|0|0|4.48|0|0|false|false|english|none|normal|false|false|false||1677700882000
63ffaeb35027fd0b05dcd270||57.14|86.67|72.05|83.43|23,3,0,0|quote|5398|0|0|4.83|0|0|false|false|english|none|normal|false|false|false||1677700787000
63ffaeab5027fd0b05dcd209||57.46|83.87|66.3|69.57|26,2,1,0|quote|5398|0|1|5.43|0|2.71|false|false|english|none|normal|false|false|false||1677700779000
63ffaea05027fd0b05dcd184||52.25|93.55|52.25|47.93|29,0,0,0|quote|5398|0|0|6.66|0|0|false|false|english|none|normal|false|false|false||1677700768000
63ffae645027fd0b05dccec3||75.65|100|75.65|77.75|29,0,0,0|quote|5398|0|0|4.6|0|0|false|false|english|none|normal|false|false|false||1677700708000
63ffae4c5027fd0b05dccd9c||36.1|75.51|56.02|57.36|29,6,0,2|quote|1154|0|0|9.64|0|0|false|false|english|none|normal|false|false|false||1677700684000
63ffae3f5027fd0b05dcccf0||36.03|81.82|36.03|48.18|78,0,0,0|quote|2913|0|0|25.98|0|0|false|false|english|none|normal|false|false|false||1677700671000
63ffa8a45027fd0b05d6da76||40.94|91.49|43.47|59.14|81,1,0,0|quote|5694|0|0|23.74|0|0|false|false|english|none|normal|false|false|false||1677699236000
63ffa8855027fd0b05d6d8c2||33.98|79.57|44.13|59.16|67,8,2,1|quote|5694|0|0|23.66|0|0|false|false|english|none|normal|false|false|false||1677699205000
63ffa8585027fd0b05d6d674||41.16|84.06|46.93|68.25|57,6,0,2|quote|5258|0|1|16.62|0|12.78|false|false|english|none|normal|false|false|false||1677699160000
63ffa7125027fd0b05d11a3b||45.41|88.68|45.41|49.69|47,0,0,0|quote|1154|0|0|12.42|0|0|false|false|english|none|normal|false|false|false||1677698834000
63ffa7005027fd0b05d1193c||39.83|90|49.26|54.27|38,1,1,1|quote|1154|0|0|11.45|0|0|false|false|english|none|normal|false|false|false||1677698816000
63ffa5c25027fd0b05d1088e||66.51|97.92|66.51|69.38|47,0,0,0|quote|1154|0|0|8.48|0|0|false|false|english|none|normal|false|false|false||1677698498000
63ffa5b85027fd0b05d107f1||26.87|80|41.19|53.08|30,4,1,2|quote|1154|0|0|13.4|0|0|false|false|english|none|normal|false|false|false||1677698488000
63ffa5085027fd0b05d0fe9c||51.64|89.8|57.79|68.86|42,2,0,0|quote|1154|0|0|9.76|0|0|false|false|english|none|normal|false|false|false||1677698312000
63ffa4f15027fd0b05d0fd87||53.56|91.84|59.94|64.14|42,2,0,0|quote|1154|0|0|9.41|0|0|false|false|english|none|normal|false|false|false||1677698289000
63ffa4e35027fd0b05d0fcc6||29.19|84.62|36.29|32.49|37,1,0,1|quote|1154|0|0|15.21|2|0|false|false|english|none|normal|false|false|false||1677698275000
63ffa3745027fd0b05cb3e4a||37.86|88.06|47.91|72.77|49,3,0,0|quote|1977|0|0|15.53|0|0|false|false|english|none|normal|false|false|false||1677697908000
63ffa35a5027fd0b05cb3cc7||23.45|79.44|28.01|35.19|72,2,0,0|quote|6661|0|0|36.84|1|0|false|false|english|none|normal|false|false|false||1677697882000
63ffa2f25027fd0b05cb3783||30.37|81.25|41.63|59.88|62,7,1,2|quote|6074|0|1|24.5|0|5.02|false|false|english|none|normal|false|false|false||1677697778000
63ffa15f5027fd0b05cb2289||32.85|81.25|46.62|60.59|62,4,3,1|quote|5694|0|0|22.65|0|0|false|false|english|none|normal|false|false|false||1677697375000
63ffa1425027fd0b05cb2113||29.11|80.43|39.3|57.09|60,5,2,0|quote|3454|0|0|24.73|0|0|false|false|english|none|normal|false|false|false||1677697346000
63ffa0d65027fd0b05cb1afb||29.66|76.47|38.47|50.99|64,7,0,0|quote|5748|0|0|25.89|0|0|false|false|english|none|normal|false|false|false||1677697238000
63ffa0525027fd0b05c56891||37.45|87.23|41.45|60.02|75,1,0,0|quote|5748|0|0|24.03|0|0|false|false|english|none|normal|false|false|false||1677697106000
63ffa0325027fd0b05c566de||45.01|84|47.19|53.4|62,1,0,0|quote|6211|0|0|16.53|0|0|false|false|english|none|normal|false|false|false||1677697074000
63ff9ef95027fd0b05c555ef||54.65|94.81|58.5|63.48|71,2,0,0|quote|16|0|0|15.59|0|0|false|false|english|none|normal|false|false|false||1677696761000
63ff9e3c5027fd0b05c54c02||36.35|83.7|38.37|57.08|72,1,0,0|quote|16|0|0|23.77|0|0|false|false|english|none|normal|false|false|false||1677696572000
63ff9d415027fd0b05c53e65||42.51|89.87|42.51|55.28|70,0,0,0|quote|6652|0|0|19.76|0|0|false|false|english|none|normal|false|false|false||1677696321000
63ff9ce65027fd0b05bf8e98||42.77|89.02|42.77|51.24|70,0,0,0|quote|6652|0|0|19.64|0|0|false|false|english|none|normal|false|false|false||1677696230000
63ff9b3d5027fd0b05bf78eb||35.78|90.59|37.75|40.37|73,1,0,1|quote|2913|0|0|24.48|0|0|false|false|english|none|normal|false|false|false||1677695805000
63ff9ae45027fd0b05bf7479||38.46|88.17|38.46|52.28|78,0,0,0|quote|2913|0|0|24.34|0|0|false|false|english|none|normal|false|false|false||1677695716000
63ff9a485027fd0b05bf6ce7||31.51|82.46|41.73|34.66|37,2,0,0|words|10|-1|0|14.09|1|0|false|false|english|none|normal|false|false|false||1677695560000
63ff99fb5027fd0b05bf691a||45.05|90.57|49.15|70.79|44,0,0,1|words|10|-1|0|11.72|0|0|false|false|english|none|normal|false|false|false||1677695483000
63ff99ed5027fd0b05bf686d||30.8|82.09|35.39|45.48|47,1,0,1|words|10|-1|0|18.31|0|0|false|false|english|none|normal|false|false|false||1677695469000
63ff04825027fd0b05c58c84||29.95|78.69|37.98|50.38|41,2,0,0|words|10|-1|0|16.43|0|0|false|false|english|none|normal|false|false|false||1677657218000
63ff046f5027fd0b05c58bfd||27.63|75|36.84|54.9|39,8,0,4|words|10|-1|0|16.94|0|0|false|false|english|none|normal|false|false|false||1677657199000
63ff045c5027fd0b05c58b74||35.4|80|38.35|42.67|48,1,0,0|words|10|-1|0|16.27|0|0|false|false|english|none|normal|false|false|false||1677657180000
63ff044a5027fd0b05c58aef||45.56|80.88|51.58|69.06|53,3,1,0|words|10|-1|0|13.96|0|0|false|false|english|none|normal|false|false|false||1677657162000
63ff041b5027fd0b05c589a0|true|54.06|90.74|61.12|63.72|46,2,1,0|words|10|-1|0|10.21|0|0|false|false|english|none|normal|false|false|false||1677657115000
63ff040e5027fd0b05c5894a||34.99|85.29|39.11|63.04|51,1,0,1|words|10|-1|1|17.49|0|12.45|false|false|english|none|normal|false|false|false||1677657102000
63ff03e25027fd0b05c58820||38.55|82.26|43.37|68.45|48,3,1,0|words|10|-1|0|14.94|0|0|false|false|english|none|normal|false|false|false||1677657058000
63ff03be5027fd0b05c58740||28.18|76.92|42.73|45|31,6,0,0|words|10|-1|1|13.2|0|60.48|false|false|english|none|normal|false|false|false||1677657022000
63ff03055027fd0b05c582cc||34.2|87.39|37.62|50.29|90,2,0,1|quote|5898|0|0|31.58|0|0|false|false|english|none|normal|false|false|false||1677656837000
63fefffe5027fd0b05bfc2d8||104.63|98.99|104.63|52.83|98,0,0,0|quote|5228|0|0|11.24|0|0|false|false|english|none|normal|false|false|false||1677656062000
63feffe75027fd0b05bfc23d||26.38|85.06|35.81|50.41|56,4,0,0|quote|6623|0|0|25.47|0|0|false|false|english|none|normal|false|false|false||1677656039000
63fe73425027fd0b05d92a7d||33.28|85.07|33.28|41.01|56,0,0,0|quote|5257|0|1|20.19|0|15.36|false|false|english|none|normal|false|false|false||1677620034000
63fe72d75027fd0b05d92696||79.27|100|79.27|70.34|29,0,0,0|quote|5398|0|0|4.39|0|0|false|false|english|none|normal|false|false|false||1677619927000
63fe72cb5027fd0b05d9262c||63.97|96.67|63.97|52.47|29,0,0,0|quote|5398|0|0|5.44|0|0|false|false|english|none|normal|false|false|false||1677619915000
63fe72bb5027fd0b05d92599||50.66|93.55|50.66|56.83|29,0,0,0|quote|5398|0|0|6.87|0|0|false|false|english|none|normal|false|false|false||1677619899000
63fe72b05027fd0b05d92521||49.93|96.67|49.93|65.7|29,0,0,0|quote|5398|0|0|6.97|0|0|false|false|english|none|normal|false|false|false||1677619888000
63fe72a45027fd0b05d924ad||38.93|78.38|38.93|67.18|29,0,0,0|quote|5398|0|0|8.94|0|0|false|false|english|none|normal|false|false|false||1677619876000
63fe72955027fd0b05d9242b||53.62|93.55|53.62|47.73|29,0,0,0|quote|5398|0|0|6.49|0|0|false|false|english|none|normal|false|false|false||1677619861000
63fe727f5027fd0b05d92349||31|86.54|32.87|43.84|83,1,0,0|quote|2049|0|0|32.13|1|0|false|false|english|none|normal|false|false|false||1677619839000
63fe63aa5027fd0b05bc44ae||34.76|83.33|42.73|41.09|48,3,0,0|quote|5209|0|2|16.57|0|10.77|false|false|english|none|normal|false|false|false||1677616042000
63fe62a25027fd0b05bc38e8||46.1|89.61|46.1|67|68,0,0,0|quote|6208|0|0|17.7|0|0|false|false|english|none|normal|false|false|false||1677615778000
63fe62885027fd0b05bc3796||30.96|78|30.96|51.1|78,0,0,0|quote|5482|0|0|30.23|0|0|false|false|english|none|normal|false|false|false||1677615752000
63fe62535027fd0b05bc34fe||24.46|76.92|33.52|55.71|54,2,0,0|quote|4309|0|0|26.49|0|0|false|false|english|none|normal|false|false|false||1677615699000
63fe62135027fd0b05bc31d6||23.68|81.94|33.36|31.53|44,3,0,1|quote|66|0|0|22.3|1|0|false|false|english|none|normal|false|false|false||1677615635000
63fe61d35027fd0b05bc2e8c||29.8|79.03|33.18|52.27|44,0,0,1|words|10|-1|0|17.72|0|0|false|false|english|none|normal|false|false|false||1677615571000
63fe61ae5027fd0b05bc2cc8|true|49.03|88.71|49.03|67.27|55,0,0,0|words|10|-1|0|13.46|0|0|false|false|english|none|normal|false|false|false||1677615534000
63fe61565027fd0b05bc28af||43.26|86.21|43.26|51.78|50,0,0,0|words|10|-1|0|13.87|0|0|false|false|english|none|normal|false|false|false||1677615446000
63fe60fe5027fd0b05bc245f||35.89|85.71|35.89|51.29|51,0,0,0|words|10|-1|0|17.05|0|0|false|false|english|none|normal|false|false|false||1677615358000
63fe60e95027fd0b05bc2352||37.31|82.46|41.65|57.12|43,1,0,0|words|10|-1|0|13.83|0|0|false|false|english|none|normal|false|false|false||1677615337000
63fe60d45027fd0b05bc224f||27.09|81.54|33.7|50.53|41,0,0,2|words|10|-1|0|18.16|0|0|false|false|english|none|normal|false|false|false||1677615316000
63fe60bd5027fd0b05b94d35|true|48.55|89.09|48.55|65.13|49,0,0,0|words|10|-1|0|12.11|0|0|false|false|english|none|normal|false|false|false||1677615293000
63fe609e5027fd0b05b676bf|true|36.22|80.28|36.22|53.42|52,0,0,0|words|10|-1|1|17.23|0|10.94|false|false|english|none|normal|false|false|false||1677615262000
63fe54a65027fd0b05a4e57c|true|47.18|91.54|47.18|65.61|118,0,0,0|time|30|-1|0|30.01|0|0|false|false|english|none|normal|false|false|false||1677612198000